track,H_d,H_u,R,R_prime,R_tilde,sigma,crash_tolerance_pct,peg_volatility_pct,annual_reset_rate,utility_score
Tranching_Safety,0.15,1.75,0.06,0.02,0.0,0.6,-56.52173913043478,0.7932339194302247,0.4799131983084798,106.8708812742527
Tranching_Safety,0.15,1.75,0.06,0.02,0.0,0.8986,-56.52173913043478,1.188,0.71875,99.03869565217391
Tranching_Safety,0.15,1.75,0.06,0.02,0.0,1.2,-56.52173913043478,1.5864678388604494,0.9598263966169596,91.1330668963315
Tranching_Safety,0.15,1.75,0.06,0.02,0.1,0.6,-54.55079271873164,0.7932339194302247,0.4799131983084798,106.08250270957144
Tranching_Safety,0.15,1.75,0.06,0.02,0.1,0.8986,-54.55079271873164,1.188,0.71875,98.25031708749266
Tranching_Safety,0.15,1.75,0.06,0.02,0.1,1.2,-54.55079271873164,1.5864678388604494,0.9598263966169596,90.34468833165025
Tranching_Safety,0.15,1.75,0.06,0.02,0.15,0.6,-53.37639459776864,0.7932339194302247,0.4799131983084798,105.61274346118624
Tranching_Safety,0.15,1.75,0.06,0.02,0.15,0.8986,-53.37639459776864,1.188,0.71875,97.78055783910746
Tranching_Safety,0.15,1.75,0.06,0.02,0.15,1.2,-53.37639459776864,1.5864678388604494,0.9598263966169596,89.87492908326504
Tranching_Safety,0.15,1.75,0.06,0.03,0.0,0.6,-56.52173913043478,0.7932339194302247,0.4799131983084798,106.8708812742527
Tranching_Safety,0.15,1.75,0.06,0.03,0.0,0.8986,-56.52173913043478,1.188,0.71875,99.03869565217391
Tranching_Safety,0.15,1.75,0.06,0.03,0.0,1.2,-56.52173913043478,1.5864678388604494,0.9598263966169596,91.1330668963315
Tranching_Safety,0.15,1.75,0.06,0.03,0.1,0.6,-54.433352906635335,0.7932339194302247,0.4799131983084798,106.03552678473292
Tranching_Safety,0.15,1.75,0.06,0.03,0.1,0.8986,-54.433352906635335,1.188,0.71875,98.20334116265414
Tranching_Safety,0.15,1.75,0.06,0.03,0.1,1.2,-54.433352906635335,1.5864678388604494,0.9598263966169596,90.29771240681173
Tranching_Safety,0.15,1.75,0.06,0.03,0.15,0.6,-53.25895478567233,0.7932339194302247,0.4799131983084798,105.56576753634772
Tranching_Safety,0.15,1.75,0.06,0.03,0.15,0.8986,-53.25895478567233,1.188,0.71875,97.73358191426894
Tranching_Safety,0.15,1.75,0.06,0.03,0.15,1.2,-53.25895478567233,1.5864678388604494,0.9598263966169596,89.82795315842652
Tranching_Safety,0.15,1.75,0.06,0.04,0.0,0.6,-56.52173913043478,0.7932339194302247,0.4799131983084798,106.8708812742527
Tranching_Safety,0.15,1.75,0.06,0.04,0.0,0.8986,-56.52173913043478,1.188,0.71875,99.03869565217391
Tranching_Safety,0.15,1.75,0.06,0.04,0.0,1.2,-56.52173913043478,1.5864678388604494,0.9598263966169596,91.1330668963315
Tranching_Safety,0.15,1.75,0.06,0.04,0.1,0.6,-54.31591309453905,0.7932339194302247,0.4799131983084798,105.98855085989442
Tranching_Safety,0.15,1.75,0.06,0.04,0.1,0.8986,-54.31591309453905,1.188,0.71875,98.15636523781563
Tranching_Safety,0.15,1.75,0.06,0.04,0.1,1.2,-54.31591309453905,1.5864678388604494,0.9598263966169596,90.2507364819732
Tranching_Safety,0.15,1.75,0.06,0.04,0.15,0.6,-53.141514973576044,0.7932339194302247,0.4799131983084798,105.51879161150922
Tranching_Safety,0.15,1.75,0.06,0.04,0.15,0.8986,-53.141514973576044,1.188,0.71875,97.68660598943043
Tranching_Safety,0.15,1.75,0.06,0.04,0.15,1.2,-53.141514973576044,1.5864678388604494,0.9598263966169596,89.780977233588
Tranching_Safety,0.15,1.75,0.073,0.02,0.0,0.6,-56.52173913043478,0.7932339194302247,0.4799131983084798,106.8708812742527
Tranching_Safety,0.15,1.75,0.073,0.02,0.0,0.8986,-56.52173913043478,1.188,0.71875,99.03869565217391
Tranching_Safety,0.15,1.75,0.073,0.02,0.0,1.2,-56.52173913043478,1.5864678388604494,0.9598263966169596,91.1330668963315
Tranching_Safety,0.15,1.75,0.073,0.02,0.1,0.6,-54.689146469968385,0.7932339194302247,0.4799131983084798,106.13784421006613
Tranching_Safety,0.15,1.75,0.073,0.02,0.1,0.8986,-54.689146469968385,1.188,0.71875,98.30565858798735
Tranching_Safety,0.15,1.75,0.073,0.02,0.1,1.2,-54.689146469968385,1.5864678388604494,0.9598263966169596,90.40002983214495
Tranching_Safety,0.15,1.75,0.073,0.02,0.15,0.6,-53.518323381337076,0.7932339194302247,0.4799131983084798,105.66951497461362
Tranching_Safety,0.15,1.75,0.073,0.02,0.15,0.8986,-53.518323381337076,1.188,0.71875,97.83732935253484
Tranching_Safety,0.15,1.75,0.073,0.02,0.15,1.2,-53.518323381337076,1.5864678388604494,0.9598263966169596,89.93170059669242
Tranching_Safety,0.15,1.75,0.073,0.03,0.0,0.6,-56.52173913043478,0.7932339194302247,0.4799131983084798,106.8708812742527
Tranching_Safety,0.15,1.75,0.073,0.03,0.0,0.8986,-56.52173913043478,1.188,0.71875,99.03869565217391
Tranching_Safety,0.15,1.75,0.073,0.03,0.0,1.2,-56.52173913043478,1.5864678388604494,0.9598263966169596,91.1330668963315
Tranching_Safety,0.15,1.75,0.073,0.03,0.1,0.6,-54.572064161105246,0.7932339194302247,0.4799131983084798,106.09101128652088
Tranching_Safety,0.15,1.75,0.073,0.03,0.1,0.8986,-54.572064161105246,1.188,0.71875,98.2588256644421
Tranching_Safety,0.15,1.75,0.073,0.03,0.1,1.2,-54.572064161105246,1.5864678388604494,0.9598263966169596,90.3531969085997
Tranching_Safety,0.15,1.75,0.073,0.03,0.15,0.6,-53.40124107247394,0.7932339194302247,0.4799131983084798,105.62268205106837
Tranching_Safety,0.15,1.75,0.073,0.03,0.15,0.8986,-53.40124107247394,1.188,0.71875,97.79049642898958
Tranching_Safety,0.15,1.75,0.073,0.03,0.15,1.2,-53.40124107247394,1.5864678388604494,0.9598263966169596,89.88486767314717
Tranching_Safety,0.15,1.75,0.073,0.04,0.0,0.6,-56.52173913043478,0.7932339194302247,0.4799131983084798,106.8708812742527
Tranching_Safety,0.15,1.75,0.073,0.04,0.0,0.8986,-56.52173913043478,1.188,0.71875,99.03869565217391
Tranching_Safety,0.15,1.75,0.073,0.04,0.0,1.2,-56.52173913043478,1.5864678388604494,0.9598263966169596,91.1330668963315
Tranching_Safety,0.15,1.75,0.073,0.04,0.1,0.6,-54.45498185224212,0.7932339194302247,0.4799131983084798,106.04417836297564
Tranching_Safety,0.15,1.75,0.073,0.04,0.1,0.8986,-54.45498185224212,1.188,0.71875,98.21199274089686
Tranching_Safety,0.15,1.75,0.073,0.04,0.1,1.2,-54.45498185224212,1.5864678388604494,0.9598263966169596,90.30636398505445
Tranching_Safety,0.15,1.75,0.073,0.04,0.15,0.6,-53.284158763610826,0.7932339194302247,0.4799131983084798,105.57584912752311
Tranching_Safety,0.15,1.75,0.073,0.04,0.15,0.8986,-53.284158763610826,1.188,0.71875,97.74366350544433
Tranching_Safety,0.15,1.75,0.073,0.04,0.15,1.2,-53.284158763610826,1.5864678388604494,0.9598263966169596,89.83803474960192
Tranching_Safety,0.15,1.75,0.09,0.02,0.0,0.6,-56.52173913043478,0.7932339194302247,0.4799131983084798,106.8708812742527
Tranching_Safety,0.15,1.75,0.09,0.02,0.0,0.8986,-56.52173913043478,1.188,0.71875,99.03869565217391
Tranching_Safety,0.15,1.75,0.09,0.02,0.0,1.2,-56.52173913043478,1.5864678388604494,0.9598263966169596,91.1330668963315
Tranching_Safety,0.15,1.75,0.09,0.02,0.1,0.6,-54.86880466472304,0.7932339194302247,0.4799131983084798,106.209707487968
Tranching_Safety,0.15,1.75,0.09,0.02,0.1,0.8986,-54.86880466472304,1.188,0.71875,98.37752186588922
Tranching_Safety,0.15,1.75,0.09,0.02,0.1,1.2,-54.86880466472304,1.5864678388604494,0.9598263966169596,90.4718931100468
Tranching_Safety,0.15,1.75,0.09,0.02,0.15,0.6,-53.702623906705526,0.7932339194302247,0.4799131983084798,105.743235184761
Tranching_Safety,0.15,1.75,0.09,0.02,0.15,0.8986,-53.702623906705526,1.188,0.71875,97.91104956268222
Tranching_Safety,0.15,1.75,0.09,0.02,0.15,1.2,-53.702623906705526,1.5864678388604494,0.9598263966169596,90.0054208068398
Tranching_Safety,0.15,1.75,0.09,0.03,0.0,0.6,-56.52173913043478,0.7932339194302247,0.4799131983084798,106.8708812742527
Tranching_Safety,0.15,1.75,0.09,0.03,0.0,0.8986,-56.52173913043478,1.188,0.71875,99.03869565217391
Tranching_Safety,0.15,1.75,0.09,0.03,0.0,1.2,-56.52173913043478,1.5864678388604494,0.9598263966169596,91.1330668963315
Tranching_Safety,0.15,1.75,0.09,0.03,0.1,0.6,-54.75218658892127,0.7932339194302247,0.4799131983084798,106.16306025764729
Tranching_Safety,0.15,1.75,0.09,0.03,0.1,0.8986,-54.75218658892127,1.188,0.71875,98.3308746355685
Tranching_Safety,0.15,1.75,0.09,0.03,0.1,1.2,-54.75218658892127,1.5864678388604494,0.9598263966169596,90.4252458797261
Tranching_Safety,0.15,1.75,0.09,0.03,0.15,0.6,-53.58600583090378,0.7932339194302247,0.4799131983084798,105.6965879544403
Tranching_Safety,0.15,1.75,0.09,0.03,0.15,0.8986,-53.58600583090378,1.188,0.71875,97.86440233236152
Tranching_Safety,0.15,1.75,0.09,0.03,0.15,1.2,-53.58600583090378,1.5864678388604494,0.9598263966169596,89.9587735765191
Tranching_Safety,0.15,1.75,0.09,0.04,0.0,0.6,-56.52173913043478,0.7932339194302247,0.4799131983084798,106.8708812742527
Tranching_Safety,0.15,1.75,0.09,0.04,0.0,0.8986,-56.52173913043478,1.188,0.71875,99.03869565217391
Tranching_Safety,0.15,1.75,0.09,0.04,0.0,1.2,-56.52173913043478,1.5864678388604494,0.9598263966169596,91.1330668963315
Tranching_Safety,0.15,1.75,0.09,0.04,0.1,0.6,-54.63556851311952,0.7932339194302247,0.4799131983084798,106.1164130273266
Tranching_Safety,0.15,1.75,0.09,0.04,0.1,0.8986,-54.63556851311952,1.188,0.71875,98.28422740524782
Tranching_Safety,0.15,1.75,0.09,0.04,0.1,1.2,-54.63556851311952,1.5864678388604494,0.9598263966169596,90.3785986494054
Tranching_Safety,0.15,1.75,0.09,0.04,0.15,0.6,-53.46938775510204,0.7932339194302247,0.4799131983084798,105.6499407241196
Tranching_Safety,0.15,1.75,0.09,0.04,0.15,0.8986,-53.46938775510204,1.188,0.71875,97.81775510204082
Tranching_Safety,0.15,1.75,0.09,0.04,0.15,1.2,-53.46938775510204,1.5864678388604494,0.9598263966169596,89.9121263461984
Tranching_Safety,0.15,2.0,0.06,0.02,0.0,0.6,-56.52173913043478,0.813265079011796,0.4150600634019284,107.08923895978154
Tranching_Safety,0.15,2.0,0.06,0.02,0.0,0.8986,-56.52173913043478,1.2179999999999997,0.6216216216216215,99.36572267920094
Tranching_Safety,0.15,2.0,0.06,0.02,0.0,1.2,-56.52173913043478,1.626530158023592,0.8301201268038568,91.56978226738917
Tranching_Safety,0.15,2.0,0.06,0.02,0.1,0.6,-54.55079271873164,0.813265079011796,0.4150600634019284,106.30086039510029
Tranching_Safety,0.15,2.0,0.06,0.02,0.1,0.8986,-54.55079271873164,1.2179999999999997,0.6216216216216215,98.57734411451969
Tranching_Safety,0.15,2.0,0.06,0.02,0.1,1.2,-54.55079271873164,1.626530158023592,0.8301201268038568,90.78140370270792
Tranching_Safety,0.15,2.0,0.06,0.02,0.15,0.6,-53.37639459776864,0.813265079011796,0.4150600634019284,105.83110114671508
Tranching_Safety,0.15,2.0,0.06,0.02,0.15,0.8986,-53.37639459776864,1.2179999999999997,0.6216216216216215,98.10758486613449
Tranching_Safety,0.15,2.0,0.06,0.02,0.15,1.2,-53.37639459776864,1.626530158023592,0.8301201268038568,90.31164445432272
Tranching_Safety,0.15,2.0,0.06,0.03,0.0,0.6,-56.52173913043478,0.813265079011796,0.4150600634019284,107.08923895978154
Tranching_Safety,0.15,2.0,0.06,0.03,0.0,0.8986,-56.52173913043478,1.2179999999999997,0.6216216216216215,99.36572267920094
Tranching_Safety,0.15,2.0,0.06,0.03,0.0,1.2,-56.52173913043478,1.626530158023592,0.8301201268038568,91.56978226738917
Tranching_Safety,0.15,2.0,0.06,0.03,0.1,0.6,-54.433352906635335,0.813265079011796,0.4150600634019284,106.25388447026177
Tranching_Safety,0.15,2.0,0.06,0.03,0.1,0.8986,-54.433352906635335,1.2179999999999997,0.6216216216216215,98.53036818968117
Tranching_Safety,0.15,2.0,0.06,0.03,0.1,1.2,-54.433352906635335,1.626530158023592,0.8301201268038568,90.7344277778694
Tranching_Safety,0.15,2.0,0.06,0.03,0.15,0.6,-53.25895478567233,0.813265079011796,0.4150600634019284,105.78412522187656
Tranching_Safety,0.15,2.0,0.06,0.03,0.15,0.8986,-53.25895478567233,1.2179999999999997,0.6216216216216215,98.06060894129597
Tranching_Safety,0.15,2.0,0.06,0.03,0.15,1.2,-53.25895478567233,1.626530158023592,0.8301201268038568,90.2646685294842
Tranching_Safety,0.15,2.0,0.06,0.04,0.0,0.6,-56.52173913043478,0.813265079011796,0.4150600634019284,107.08923895978154
Tranching_Safety,0.15,2.0,0.06,0.04,0.0,0.8986,-56.52173913043478,1.2179999999999997,0.6216216216216215,99.36572267920094
Tranching_Safety,0.15,2.0,0.06,0.04,0.0,1.2,-56.52173913043478,1.626530158023592,0.8301201268038568,91.56978226738917
Tranching_Safety,0.15,2.0,0.06,0.04,0.1,0.6,-54.31591309453905,0.813265079011796,0.4150600634019284,106.20690854542326
Tranching_Safety,0.15,2.0,0.06,0.04,0.1,0.8986,-54.31591309453905,1.2179999999999997,0.6216216216216215,98.48339226484265
Tranching_Safety,0.15,2.0,0.06,0.04,0.1,1.2,-54.31591309453905,1.626530158023592,0.8301201268038568,90.6874518530309
Tranching_Safety,0.15,2.0,0.06,0.04,0.15,0.6,-53.141514973576044,0.813265079011796,0.4150600634019284,105.73714929703806
Tranching_Safety,0.15,2.0,0.06,0.04,0.15,0.8986,-53.141514973576044,1.2179999999999997,0.6216216216216215,98.01363301645745
Tranching_Safety,0.15,2.0,0.06,0.04,0.15,1.2,-53.141514973576044,1.626530158023592,0.8301201268038568,90.21769260464569
Tranching_Safety,0.15,2.0,0.073,0.02,0.0,0.6,-56.52173913043478,0.813265079011796,0.4150600634019284,107.08923895978154
Tranching_Safety,0.15,2.0,0.073,0.02,0.0,0.8986,-56.52173913043478,1.2179999999999997,0.6216216216216215,99.36572267920094
Tranching_Safety,0.15,2.0,0.073,0.02,0.0,1.2,-56.52173913043478,1.626530158023592,0.8301201268038568,91.56978226738917
Tranching_Safety,0.15,2.0,0.073,0.02,0.1,0.6,-54.689146469968385,0.813265079011796,0.4150600634019284,106.35620189559498
Tranching_Safety,0.15,2.0,0.073,0.02,0.1,0.8986,-54.689146469968385,1.2179999999999997,0.6216216216216215,98.6326856150144
Tranching_Safety,0.15,2.0,0.073,0.02,0.1,1.2,-54.689146469968385,1.626530158023592,0.8301201268038568,90.83674520320261
Tranching_Safety,0.15,2.0,0.073,0.02,0.15,0.6,-53.518323381337076,0.813265079011796,0.4150600634019284,105.88787266014246
Tranching_Safety,0.15,2.0,0.073,0.02,0.15,0.8986,-53.518323381337076,1.2179999999999997,0.6216216216216215,98.16435637956187
Tranching_Safety,0.15,2.0,0.073,0.02,0.15,1.2,-53.518323381337076,1.626530158023592,0.8301201268038568,90.3684159677501
Tranching_Safety,0.15,2.0,0.073,0.03,0.0,0.6,-56.52173913043478,0.813265079011796,0.4150600634019284,107.08923895978154
Tranching_Safety,0.15,2.0,0.073,0.03,0.0,0.8986,-56.52173913043478,1.2179999999999997,0.6216216216216215,99.36572267920094
Tranching_Safety,0.15,2.0,0.073,0.03,0.0,1.2,-56.52173913043478,1.626530158023592,0.8301201268038568,91.56978226738917
Tranching_Safety,0.15,2.0,0.073,0.03,0.1,0.6,-54.572064161105246,0.813265079011796,0.4150600634019284,106.30936897204973
Tranching_Safety,0.15,2.0,0.073,0.03,0.1,0.8986,-54.572064161105246,1.2179999999999997,0.6216216216216215,98.58585269146914
Tranching_Safety,0.15,2.0,0.073,0.03,0.1,1.2,-54.572064161105246,1.626530158023592,0.8301201268038568,90.78991227965736
Tranching_Safety,0.15,2.0,0.073,0.03,0.15,0.6,-53.40124107247394,0.813265079011796,0.4150600634019284,105.84103973659721
Tranching_Safety,0.15,2.0,0.073,0.03,0.15,0.8986,-53.40124107247394,1.2179999999999997,0.6216216216216215,98.11752345601661
Tranching_Safety,0.15,2.0,0.073,0.03,0.15,1.2,-53.40124107247394,1.626530158023592,0.8301201268038568,90.32158304420484
Tranching_Safety,0.15,2.0,0.073,0.04,0.0,0.6,-56.52173913043478,0.813265079011796,0.4150600634019284,107.08923895978154
Tranching_Safety,0.15,2.0,0.073,0.04,0.0,0.8986,-56.52173913043478,1.2179999999999997,0.6216216216216215,99.36572267920094
Tranching_Safety,0.15,2.0,0.073,0.04,0.0,1.2,-56.52173913043478,1.626530158023592,0.8301201268038568,91.56978226738917
Tranching_Safety,0.15,2.0,0.073,0.04,0.1,0.6,-54.45498185224212,0.813265079011796,0.4150600634019284,106.26253604850449
Tranching_Safety,0.15,2.0,0.073,0.04,0.1,0.8986,-54.45498185224212,1.2179999999999997,0.6216216216216215,98.53901976792389
Tranching_Safety,0.15,2.0,0.073,0.04,0.1,1.2,-54.45498185224212,1.626530158023592,0.8301201268038568,90.74307935611212
Tranching_Safety,0.15,2.0,0.073,0.04,0.15,0.6,-53.284158763610826,0.813265079011796,0.4150600634019284,105.79420681305196
Tranching_Safety,0.15,2.0,0.073,0.04,0.15,0.8986,-53.284158763610826,1.2179999999999997,0.6216216216216215,98.07069053247136
Tranching_Safety,0.15,2.0,0.073,0.04,0.15,1.2,-53.284158763610826,1.626530158023592,0.8301201268038568,90.27475012065959
Tranching_Safety,0.15,2.0,0.09,0.02,0.0,0.6,-56.52173913043478,0.813265079011796,0.4150600634019284,107.08923895978154
Tranching_Safety,0.15,2.0,0.09,0.02,0.0,0.8986,-56.52173913043478,1.2179999999999997,0.6216216216216215,99.36572267920094
Tranching_Safety,0.15,2.0,0.09,0.02,0.0,1.2,-56.52173913043478,1.626530158023592,0.8301201268038568,91.56978226738917
Tranching_Safety,0.15,2.0,0.09,0.02,0.1,0.6,-54.86880466472304,0.813265079011796,0.4150600634019284,106.42806517349685
Tranching_Safety,0.15,2.0,0.09,0.02,0.1,0.8986,-54.86880466472304,1.2179999999999997,0.6216216216216215,98.70454889291625
Tranching_Safety,0.15,2.0,0.09,0.02,0.1,1.2,-54.86880466472304,1.626530158023592,0.8301201268038568,90.90860848110448
Tranching_Safety,0.15,2.0,0.09,0.02,0.15,0.6,-53.702623906705526,0.813265079011796,0.4150600634019284,105.96159287028985
Tranching_Safety,0.15,2.0,0.09,0.02,0.15,0.8986,-53.702623906705526,1.2179999999999997,0.6216216216216215,98.23807658970924
Tranching_Safety,0.15,2.0,0.09,0.02,0.15,1.2,-53.702623906705526,1.626530158023592,0.8301201268038568,90.44213617789748
Tranching_Safety,0.15,2.0,0.09,0.03,0.0,0.6,-56.52173913043478,0.813265079011796,0.4150600634019284,107.08923895978154
Tranching_Safety,0.15,2.0,0.09,0.03,0.0,0.8986,-56.52173913043478,1.2179999999999997,0.6216216216216215,99.36572267920094
Tranching_Safety,0.15,2.0,0.09,0.03,0.0,1.2,-56.52173913043478,1.626530158023592,0.8301201268038568,91.56978226738917
Tranching_Safety,0.15,2.0,0.09,0.03,0.1,0.6,-54.75218658892127,0.813265079011796,0.4150600634019284,106.38141794317613
Tranching_Safety,0.15,2.0,0.09,0.03,0.1,0.8986,-54.75218658892127,1.2179999999999997,0.6216216216216215,98.65790166259555
Tranching_Safety,0.15,2.0,0.09,0.03,0.1,1.2,-54.75218658892127,1.626530158023592,0.8301201268038568,90.86196125078376
Tranching_Safety,0.15,2.0,0.09,0.03,0.15,0.6,-53.58600583090378,0.813265079011796,0.4150600634019284,105.91494563996915
Tranching_Safety,0.15,2.0,0.09,0.03,0.15,0.8986,-53.58600583090378,1.2179999999999997,0.6216216216216215,98.19142935938855
Tranching_Safety,0.15,2.0,0.09,0.03,0.15,1.2,-53.58600583090378,1.626530158023592,0.8301201268038568,90.39548894757678
Tranching_Safety,0.15,2.0,0.09,0.04,0.0,0.6,-56.52173913043478,0.813265079011796,0.4150600634019284,107.08923895978154
Tranching_Safety,0.15,2.0,0.09,0.04,0.0,0.8986,-56.52173913043478,1.2179999999999997,0.6216216216216215,99.36572267920094
Tranching_Safety,0.15,2.0,0.09,0.04,0.0,1.2,-56.52173913043478,1.626530158023592,0.8301201268038568,91.56978226738917
Tranching_Safety,0.15,2.0,0.09,0.04,0.1,0.6,-54.63556851311952,0.813265079011796,0.4150600634019284,106.33477071285544
Tranching_Safety,0.15,2.0,0.09,0.04,0.1,0.8986,-54.63556851311952,1.2179999999999997,0.6216216216216215,98.61125443227485
Tranching_Safety,0.15,2.0,0.09,0.04,0.1,1.2,-54.63556851311952,1.626530158023592,0.8301201268038568,90.81531402046308
Tranching_Safety,0.15,2.0,0.09,0.04,0.15,0.6,-53.46938775510204,0.813265079011796,0.4150600634019284,105.86829840964845
Tranching_Safety,0.15,2.0,0.09,0.04,0.15,0.8986,-53.46938775510204,1.2179999999999997,0.6216216216216215,98.14478212906785
Tranching_Safety,0.15,2.0,0.09,0.04,0.15,1.2,-53.46938775510204,1.626530158023592,0.8301201268038568,90.34884171725608
Tranching_Safety,0.15,2.5,0.06,0.02,0.0,0.6,-56.52173913043478,0.8533273981749386,0.3267494116142841,107.19478938663556
Tranching_Safety,0.15,2.5,0.06,0.02,0.0,0.8986,-56.52173913043478,1.2779999999999998,0.48936170212765956,99.52380203515263
Tranching_Safety,0.15,2.5,0.06,0.02,0.0,1.2,-56.52173913043478,1.7066547963498773,0.6534988232285682,91.7808831210972
Tranching_Safety,0.15,2.5,0.06,0.02,0.1,0.6,-54.55079271873164,0.8533273981749386,0.3267494116142841,106.40641082195431
Tranching_Safety,0.15,2.5,0.06,0.02,0.1,0.8986,-54.55079271873164,1.2779999999999998,0.48936170212765956,98.73542347047137
Tranching_Safety,0.15,2.5,0.06,0.02,0.1,1.2,-54.55079271873164,1.7066547963498773,0.6534988232285682,90.99250455641595
Tranching_Safety,0.15,2.5,0.06,0.02,0.15,0.6,-53.37639459776864,0.8533273981749386,0.3267494116142841,105.93665157356911
Tranching_Safety,0.15,2.5,0.06,0.02,0.15,0.8986,-53.37639459776864,1.2779999999999998,0.48936170212765956,98.26566422208617
Tranching_Safety,0.15,2.5,0.06,0.02,0.15,1.2,-53.37639459776864,1.7066547963498773,0.6534988232285682,90.52274530803075
Tranching_Safety,0.15,2.5,0.06,0.03,0.0,0.6,-56.52173913043478,0.8533273981749386,0.3267494116142841,107.19478938663556
Tranching_Safety,0.15,2.5,0.06,0.03,0.0,0.8986,-56.52173913043478,1.2779999999999998,0.48936170212765956,99.52380203515263
Tranching_Safety,0.15,2.5,0.06,0.03,0.0,1.2,-56.52173913043478,1.7066547963498773,0.6534988232285682,91.7808831210972
Tranching_Safety,0.15,2.5,0.06,0.03,0.1,0.6,-54.433352906635335,0.8533273981749386,0.3267494116142841,106.35943489711579
Tranching_Safety,0.15,2.5,0.06,0.03,0.1,0.8986,-54.433352906635335,1.2779999999999998,0.48936170212765956,98.68844754563285
Tranching_Safety,0.15,2.5,0.06,0.03,0.1,1.2,-54.433352906635335,1.7066547963498773,0.6534988232285682,90.94552863157743
Tranching_Safety,0.15,2.5,0.06,0.03,0.15,0.6,-53.25895478567233,0.8533273981749386,0.3267494116142841,105.88967564873059
Tranching_Safety,0.15,2.5,0.06,0.03,0.15,0.8986,-53.25895478567233,1.2779999999999998,0.48936170212765956,98.21868829724765
Tranching_Safety,0.15,2.5,0.06,0.03,0.15,1.2,-53.25895478567233,1.7066547963498773,0.6534988232285682,90.47576938319223
Tranching_Safety,0.15,2.5,0.06,0.04,0.0,0.6,-56.52173913043478,0.8533273981749386,0.3267494116142841,107.19478938663556
Tranching_Safety,0.15,2.5,0.06,0.04,0.0,0.8986,-56.52173913043478,1.2779999999999998,0.48936170212765956,99.52380203515263
Tranching_Safety,0.15,2.5,0.06,0.04,0.0,1.2,-56.52173913043478,1.7066547963498773,0.6534988232285682,91.7808831210972
Tranching_Safety,0.15,2.5,0.06,0.04,0.1,0.6,-54.31591309453905,0.8533273981749386,0.3267494116142841,106.31245897227728
Tranching_Safety,0.15,2.5,0.06,0.04,0.1,0.8986,-54.31591309453905,1.2779999999999998,0.48936170212765956,98.64147162079433
Tranching_Safety,0.15,2.5,0.06,0.04,0.1,1.2,-54.31591309453905,1.7066547963498773,0.6534988232285682,90.89855270673891
Tranching_Safety,0.15,2.5,0.06,0.04,0.15,0.6,-53.141514973576044,0.8533273981749386,0.3267494116142841,105.84269972389208
Tranching_Safety,0.15,2.5,0.06,0.04,0.15,0.8986,-53.141514973576044,1.2779999999999998,0.48936170212765956,98.17171237240913
Tranching_Safety,0.15,2.5,0.06,0.04,0.15,1.2,-53.141514973576044,1.7066547963498773,0.6534988232285682,90.42879345835371
Tranching_Safety,0.15,2.5,0.073,0.02,0.0,0.6,-56.52173913043478,0.8533273981749386,0.3267494116142841,107.19478938663556
Tranching_Safety,0.15,2.5,0.073,0.02,0.0,0.8986,-56.52173913043478,1.2779999999999998,0.48936170212765956,99.52380203515263
Tranching_Safety,0.15,2.5,0.073,0.02,0.0,1.2,-56.52173913043478,1.7066547963498773,0.6534988232285682,91.7808831210972
Tranching_Safety,0.15,2.5,0.073,0.02,0.1,0.6,-54.689146469968385,0.8533273981749386,0.3267494116142841,106.461752322449
Tranching_Safety,0.15,2.5,0.073,0.02,0.1,0.8986,-54.689146469968385,1.2779999999999998,0.48936170212765956,98.79076497096608
Tranching_Safety,0.15,2.5,0.073,0.02,0.1,1.2,-54.689146469968385,1.7066547963498773,0.6534988232285682,91.04784605691066
Tranching_Safety,0.15,2.5,0.073,0.02,0.15,0.6,-53.518323381337076,0.8533273981749386,0.3267494116142841,105.99342308699649
Tranching_Safety,0.15,2.5,0.073,0.02,0.15,0.8986,-53.518323381337076,1.2779999999999998,0.48936170212765956,98.32243573551355
Tranching_Safety,0.15,2.5,0.073,0.02,0.15,1.2,-53.518323381337076,1.7066547963498773,0.6534988232285682,90.57951682145813
Tranching_Safety,0.15,2.5,0.073,0.03,0.0,0.6,-56.52173913043478,0.8533273981749386,0.3267494116142841,107.19478938663556
Tranching_Safety,0.15,2.5,0.073,0.03,0.0,0.8986,-56.52173913043478,1.2779999999999998,0.48936170212765956,99.52380203515263
Tranching_Safety,0.15,2.5,0.073,0.03,0.0,1.2,-56.52173913043478,1.7066547963498773,0.6534988232285682,91.7808831210972
Tranching_Safety,0.15,2.5,0.073,0.03,0.1,0.6,-54.572064161105246,0.8533273981749386,0.3267494116142841,106.41491939890375
Tranching_Safety,0.15,2.5,0.073,0.03,0.1,0.8986,-54.572064161105246,1.2779999999999998,0.48936170212765956,98.74393204742083
Tranching_Safety,0.15,2.5,0.073,0.03,0.1,1.2,-54.572064161105246,1.7066547963498773,0.6534988232285682,91.0010131333654
Tranching_Safety,0.15,2.5,0.073,0.03,0.15,0.6,-53.40124107247394,0.8533273981749386,0.3267494116142841,105.94659016345123
Tranching_Safety,0.15,2.5,0.073,0.03,0.15,0.8986,-53.40124107247394,1.2779999999999998,0.48936170212765956,98.2756028119683
Tranching_Safety,0.15,2.5,0.073,0.03,0.15,1.2,-53.40124107247394,1.7066547963498773,0.6534988232285682,90.53268389791288
Tranching_Safety,0.15,2.5,0.073,0.04,0.0,0.6,-56.52173913043478,0.8533273981749386,0.3267494116142841,107.19478938663556
Tranching_Safety,0.15,2.5,0.073,0.04,0.0,0.8986,-56.52173913043478,1.2779999999999998,0.48936170212765956,99.52380203515263
Tranching_Safety,0.15,2.5,0.073,0.04,0.0,1.2,-56.52173913043478,1.7066547963498773,0.6534988232285682,91.7808831210972
Tranching_Safety,0.15,2.5,0.073,0.04,0.1,0.6,-54.45498185224212,0.8533273981749386,0.3267494116142841,106.36808647535851
Tranching_Safety,0.15,2.5,0.073,0.04,0.1,0.8986,-54.45498185224212,1.2779999999999998,0.48936170212765956,98.69709912387557
Tranching_Safety,0.15,2.5,0.073,0.04,0.1,1.2,-54.45498185224212,1.7066547963498773,0.6534988232285682,90.95418020982015
Tranching_Safety,0.15,2.5,0.073,0.04,0.15,0.6,-53.284158763610826,0.8533273981749386,0.3267494116142841,105.89975723990598
Tranching_Safety,0.15,2.5,0.073,0.04,0.15,0.8986,-53.284158763610826,1.2779999999999998,0.48936170212765956,98.22876988842305
Tranching_Safety,0.15,2.5,0.073,0.04,0.15,1.2,-53.284158763610826,1.7066547963498773,0.6534988232285682,90.48585097436762
Tranching_Safety,0.15,2.5,0.09,0.02,0.0,0.6,-56.52173913043478,0.8533273981749386,0.3267494116142841,107.19478938663556
Tranching_Safety,0.15,2.5,0.09,0.02,0.0,0.8986,-56.52173913043478,1.2779999999999998,0.48936170212765956,99.52380203515263
Tranching_Safety,0.15,2.5,0.09,0.02,0.0,1.2,-56.52173913043478,1.7066547963498773,0.6534988232285682,91.7808831210972
Tranching_Safety,0.15,2.5,0.09,0.02,0.1,0.6,-54.86880466472304,0.8533273981749386,0.3267494116142841,106.53361560035087
Tranching_Safety,0.15,2.5,0.09,0.02,0.1,0.8986,-54.86880466472304,1.2779999999999998,0.48936170212765956,98.86262824886794
Tranching_Safety,0.15,2.5,0.09,0.02,0.1,1.2,-54.86880466472304,1.7066547963498773,0.6534988232285682,91.11970933481251
Tranching_Safety,0.15,2.5,0.09,0.02,0.15,0.6,-53.702623906705526,0.8533273981749386,0.3267494116142841,106.06714329714387
Tranching_Safety,0.15,2.5,0.09,0.02,0.15,0.8986,-53.702623906705526,1.2779999999999998,0.48936170212765956,98.39615594566092
Tranching_Safety,0.15,2.5,0.09,0.02,0.15,1.2,-53.702623906705526,1.7066547963498773,0.6534988232285682,90.6532370316055
Tranching_Safety,0.15,2.5,0.09,0.03,0.0,0.6,-56.52173913043478,0.8533273981749386,0.3267494116142841,107.19478938663556
Tranching_Safety,0.15,2.5,0.09,0.03,0.0,0.8986,-56.52173913043478,1.2779999999999998,0.48936170212765956,99.52380203515263
Tranching_Safety,0.15,2.5,0.09,0.03,0.0,1.2,-56.52173913043478,1.7066547963498773,0.6534988232285682,91.7808831210972
Tranching_Safety,0.15,2.5,0.09,0.03,0.1,0.6,-54.75218658892127,0.8533273981749386,0.3267494116142841,106.48696837003016
Tranching_Safety,0.15,2.5,0.09,0.03,0.1,0.8986,-54.75218658892127,1.2779999999999998,0.48936170212765956,98.81598101854723
Tranching_Safety,0.15,2.5,0.09,0.03,0.1,1.2,-54.75218658892127,1.7066547963498773,0.6534988232285682,91.07306210449181
Tranching_Safety,0.15,2.5,0.09,0.03,0.15,0.6,-53.58600583090378,0.8533273981749386,0.3267494116142841,106.02049606682317
Tranching_Safety,0.15,2.5,0.09,0.03,0.15,0.8986,-53.58600583090378,1.2779999999999998,0.48936170212765956,98.34950871534024
Tranching_Safety,0.15,2.5,0.09,0.03,0.15,1.2,-53.58600583090378,1.7066547963498773,0.6534988232285682,90.60658980128481
Tranching_Safety,0.15,2.5,0.09,0.04,0.0,0.6,-56.52173913043478,0.8533273981749386,0.3267494116142841,107.19478938663556
Tranching_Safety,0.15,2.5,0.09,0.04,0.0,0.8986,-56.52173913043478,1.2779999999999998,0.48936170212765956,99.52380203515263
Tranching_Safety,0.15,2.5,0.09,0.04,0.0,1.2,-56.52173913043478,1.7066547963498773,0.6534988232285682,91.7808831210972
Tranching_Safety,0.15,2.5,0.09,0.04,0.1,0.6,-54.63556851311952,0.8533273981749386,0.3267494116142841,106.44032113970947
Tranching_Safety,0.15,2.5,0.09,0.04,0.1,0.8986,-54.63556851311952,1.2779999999999998,0.48936170212765956,98.76933378822653
Tranching_Safety,0.15,2.5,0.09,0.04,0.1,1.2,-54.63556851311952,1.7066547963498773,0.6534988232285682,91.02641487417111
Tranching_Safety,0.15,2.5,0.09,0.04,0.15,0.6,-53.46938775510204,0.8533273981749386,0.3267494116142841,105.97384883650247
Tranching_Safety,0.15,2.5,0.09,0.04,0.15,0.8986,-53.46938775510204,1.2779999999999998,0.48936170212765956,98.30286148501953
Tranching_Safety,0.15,2.5,0.09,0.04,0.15,1.2,-53.46938775510204,1.7066547963498773,0.6534988232285682,90.55994257096411
Tranching_Safety,0.25,1.75,0.06,0.02,0.0,0.6,-60.0,0.7812152236812819,0.5119074115290451,108.18651235254842
Tranching_Safety,0.25,1.75,0.06,0.02,0.0,0.8986,-60.0,1.17,0.7666666666666666,100.31666666666666
Tranching_Safety,0.25,1.75,0.06,0.02,0.0,1.2,-60.0,1.5624304473625639,1.0238148230580901,92.37302470509682
Tranching_Safety,0.25,1.75,0.06,0.02,0.1,0.6,-58.13953488372092,0.7812152236812819,0.5119074115290451,107.44232630603679
Tranching_Safety,0.25,1.75,0.06,0.02,0.1,0.8986,-58.13953488372092,1.17,0.7666666666666666,99.57248062015503
Tranching_Safety,0.25,1.75,0.06,0.02,0.1,1.2,-58.13953488372092,1.5624304473625639,1.0238148230580901,91.6288386585852
Tranching_Safety,0.25,1.75,0.06,0.02,0.15,0.6,-57.0578691184424,0.7812152236812819,0.5119074115290451,107.00965999992538
Tranching_Safety,0.25,1.75,0.06,0.02,0.15,0.8986,-57.0578691184424,1.17,0.7666666666666666,99.13981431404362
Tranching_Safety,0.25,1.75,0.06,0.02,0.15,1.2,-57.0578691184424,1.5624304473625639,1.0238148230580901,91.19617235247378
Tranching_Safety,0.25,1.75,0.06,0.03,0.0,0.6,-60.0,0.7812152236812819,0.5119074115290451,108.18651235254842
Tranching_Safety,0.25,1.75,0.06,0.03,0.0,0.8986,-60.0,1.17,0.7666666666666666,100.31666666666666
Tranching_Safety,0.25,1.75,0.06,0.03,0.0,1.2,-60.0,1.5624304473625639,1.0238148230580901,92.37302470509682
Tranching_Safety,0.25,1.75,0.06,0.03,0.1,0.6,-58.03136830719306,0.7812152236812819,0.5119074115290451,107.39905967542565
Tranching_Safety,0.25,1.75,0.06,0.03,0.1,0.8986,-58.03136830719306,1.17,0.7666666666666666,99.52921398954389
Tranching_Safety,0.25,1.75,0.06,0.03,0.1,1.2,-58.03136830719306,1.5624304473625639,1.0238148230580901,91.58557202797405
Tranching_Safety,0.25,1.75,0.06,0.03,0.15,0.6,-56.94970254191454,0.7812152236812819,0.5119074115290451,106.96639336931423
Tranching_Safety,0.25,1.75,0.06,0.03,0.15,0.8986,-56.94970254191454,1.17,0.7666666666666666,99.09654768343248
Tranching_Safety,0.25,1.75,0.06,0.03,0.15,1.2,-56.94970254191454,1.5624304473625639,1.0238148230580901,91.15290572186264
Tranching_Safety,0.25,1.75,0.06,0.04,0.0,0.6,-60.0,0.7812152236812819,0.5119074115290451,108.18651235254842
Tranching_Safety,0.25,1.75,0.06,0.04,0.0,0.8986,-60.0,1.17,0.7666666666666666,100.31666666666666
Tranching_Safety,0.25,1.75,0.06,0.04,0.0,1.2,-60.0,1.5624304473625639,1.0238148230580901,92.37302470509682
Tranching_Safety,0.25,1.75,0.06,0.04,0.1,0.6,-57.92320173066523,0.7812152236812819,0.5119074115290451,107.3557930448145
Tranching_Safety,0.25,1.75,0.06,0.04,0.1,0.8986,-57.92320173066523,1.17,0.7666666666666666,99.48594735893275
Tranching_Safety,0.25,1.75,0.06,0.04,0.1,1.2,-57.92320173066523,1.5624304473625639,1.0238148230580901,91.54230539736292
Tranching_Safety,0.25,1.75,0.06,0.04,0.15,0.6,-56.841535965386704,0.7812152236812819,0.5119074115290451,106.9231267387031
Tranching_Safety,0.25,1.75,0.06,0.04,0.15,0.8986,-56.841535965386704,1.17,0.7666666666666666,99.05328105282135
Tranching_Safety,0.25,1.75,0.06,0.04,0.15,1.2,-56.841535965386704,1.5624304473625639,1.0238148230580901,91.10963909125151
Tranching_Safety,0.25,1.75,0.073,0.02,0.0,0.6,-60.0,0.7812152236812819,0.5119074115290451,108.18651235254842
Tranching_Safety,0.25,1.75,0.073,0.02,0.0,0.8986,-60.0,1.17,0.7666666666666666,100.31666666666666
Tranching_Safety,0.25,1.75,0.073,0.02,0.0,1.2,-60.0,1.5624304473625639,1.0238148230580901,92.37302470509682
Tranching_Safety,0.25,1.75,0.073,0.02,0.1,0.6,-58.256930212490566,0.7812152236812819,0.5119074115290451,107.48928443754465
Tranching_Safety,0.25,1.75,0.073,0.02,0.1,0.8986,-58.256930212490566,1.17,0.7666666666666666,99.6194387516629
Tranching_Safety,0.25,1.75,0.073,0.02,0.1,1.2,-58.256930212490566,1.5624304473625639,1.0238148230580901,91.67579679009305
Tranching_Safety,0.25,1.75,0.073,0.02,0.15,0.6,-57.17829791823967,0.7812152236812819,0.5119074115290451,107.05783151984429
Tranching_Safety,0.25,1.75,0.073,0.02,0.15,0.8986,-57.17829791823967,1.17,0.7666666666666666,99.18798583396253
Tranching_Safety,0.25,1.75,0.073,0.02,0.15,1.2,-57.17829791823967,1.5624304473625639,1.0238148230580901,91.24434387239269
Tranching_Safety,0.25,1.75,0.073,0.03,0.0,0.6,-60.0,0.7812152236812819,0.5119074115290451,108.18651235254842
Tranching_Safety,0.25,1.75,0.073,0.03,0.0,0.8986,-60.0,1.17,0.7666666666666666,100.31666666666666
Tranching_Safety,0.25,1.75,0.073,0.03,0.0,1.2,-60.0,1.5624304473625639,1.0238148230580901,92.37302470509682
Tranching_Safety,0.25,1.75,0.073,0.03,0.1,0.6,-58.14906698306548,0.7812152236812819,0.5119074115290451,107.44613914577461
Tranching_Safety,0.25,1.75,0.073,0.03,0.1,0.8986,-58.14906698306548,1.17,0.7666666666666666,99.57629345989285
Tranching_Safety,0.25,1.75,0.073,0.03,0.1,1.2,-58.14906698306548,1.5624304473625639,1.0238148230580901,91.63265149832301
Tranching_Safety,0.25,1.75,0.073,0.03,0.15,0.6,-57.07043468881457,0.7812152236812819,0.5119074115290451,107.01468622807425
Tranching_Safety,0.25,1.75,0.073,0.03,0.15,0.8986,-57.07043468881457,1.17,0.7666666666666666,99.1448405421925
Tranching_Safety,0.25,1.75,0.073,0.03,0.15,1.2,-57.07043468881457,1.5624304473625639,1.0238148230580901,91.20119858062266
Tranching_Safety,0.25,1.75,0.073,0.04,0.0,0.6,-60.0,0.7812152236812819,0.5119074115290451,108.18651235254842
Tranching_Safety,0.25,1.75,0.073,0.04,0.0,0.8986,-60.0,1.17,0.7666666666666666,100.31666666666666
Tranching_Safety,0.25,1.75,0.073,0.04,0.0,1.2,-60.0,1.5624304473625639,1.0238148230580901,92.37302470509682
Tranching_Safety,0.25,1.75,0.073,0.04,0.1,0.6,-58.04120375364039,0.7812152236812819,0.5119074115290451,107.40299385400458
Tranching_Safety,0.25,1.75,0.073,0.04,0.1,0.8986,-58.04120375364039,1.17,0.7666666666666666,99.53314816812282
Tranching_Safety,0.25,1.75,0.073,0.04,0.1,1.2,-58.04120375364039,1.5624304473625639,1.0238148230580901,91.58950620655298
Tranching_Safety,0.25,1.75,0.073,0.04,0.15,0.6,-56.9625714593895,0.7812152236812819,0.5119074115290451,106.97154093630422
Tranching_Safety,0.25,1.75,0.073,0.04,0.15,0.8986,-56.9625714593895,1.17,0.7666666666666666,99.10169525042247
Tranching_Safety,0.25,1.75,0.073,0.04,0.15,1.2,-56.9625714593895,1.5624304473625639,1.0238148230580901,91.15805328885263
Tranching_Safety,0.25,1.75,0.09,0.02,0.0,0.6,-60.0,0.7812152236812819,0.5119074115290451,108.18651235254842
Tranching_Safety,0.25,1.75,0.09,0.02,0.0,0.8986,-60.0,1.17,0.7666666666666666,100.31666666666666
Tranching_Safety,0.25,1.75,0.09,0.02,0.0,1.2,-60.0,1.5624304473625639,1.0238148230580901,92.37302470509682
Tranching_Safety,0.25,1.75,0.09,0.02,0.1,0.6,-58.409457281031706,0.7812152236812819,0.5119074115290451,107.55029526496111
Tranching_Safety,0.25,1.75,0.09,0.02,0.1,0.8986,-58.409457281031706,1.17,0.7666666666666666,99.68044957907935
Tranching_Safety,0.25,1.75,0.09,0.02,0.1,1.2,-58.409457281031706,1.5624304473625639,1.0238148230580901,91.7368076175095
Tranching_Safety,0.25,1.75,0.09,0.02,0.15,0.6,-57.334766254701776,0.7812152236812819,0.5119074115290451,107.12041885442913
Tranching_Safety,0.25,1.75,0.09,0.02,0.15,0.8986,-57.334766254701776,1.17,0.7666666666666666,99.25057316854738
Tranching_Safety,0.25,1.75,0.09,0.02,0.15,1.2,-57.334766254701776,1.5624304473625639,1.0238148230580901,91.30693120697754
Tranching_Safety,0.25,1.75,0.09,0.03,0.0,0.6,-60.0,0.7812152236812819,0.5119074115290451,108.18651235254842
Tranching_Safety,0.25,1.75,0.09,0.03,0.0,0.8986,-60.0,1.17,0.7666666666666666,100.31666666666666
Tranching_Safety,0.25,1.75,0.09,0.03,0.0,1.2,-60.0,1.5624304473625639,1.0238148230580901,92.37302470509682
Tranching_Safety,0.25,1.75,0.09,0.03,0.1,0.6,-58.30198817839871,0.7812152236812819,0.5119074115290451,107.5073076239079
Tranching_Safety,0.25,1.75,0.09,0.03,0.1,0.8986,-58.30198817839871,1.17,0.7666666666666666,99.63746193802615
Tranching_Safety,0.25,1.75,0.09,0.03,0.1,1.2,-58.30198817839871,1.5624304473625639,1.0238148230580901,91.69381997645631
Tranching_Safety,0.25,1.75,0.09,0.03,0.15,0.6,-57.22729715206878,0.7812152236812819,0.5119074115290451,107.07743121337593
Tranching_Safety,0.25,1.75,0.09,0.03,0.15,0.8986,-57.22729715206878,1.17,0.7666666666666666,99.20758552749417
Tranching_Safety,0.25,1.75,0.09,0.03,0.15,1.2,-57.22729715206878,1.5624304473625639,1.0238148230580901,91.26394356592434
Tranching_Safety,0.25,1.75,0.09,0.04,0.0,0.6,-60.0,0.7812152236812819,0.5119074115290451,108.18651235254842
Tranching_Safety,0.25,1.75,0.09,0.04,0.0,0.8986,-60.0,1.17,0.7666666666666666,100.31666666666666
Tranching_Safety,0.25,1.75,0.09,0.04,0.0,1.2,-60.0,1.5624304473625639,1.0238148230580901,92.37302470509682
Tranching_Safety,0.25,1.75,0.09,0.04,0.1,0.6,-58.19451907576572,0.7812152236812819,0.5119074115290451,107.4643199828547
Tranching_Safety,0.25,1.75,0.09,0.04,0.1,0.8986,-58.19451907576572,1.17,0.7666666666666666,99.59447429697295
Tranching_Safety,0.25,1.75,0.09,0.04,0.1,1.2,-58.19451907576572,1.5624304473625639,1.0238148230580901,91.65083233540311
Tranching_Safety,0.25,1.75,0.09,0.04,0.15,0.6,-57.119828049435796,0.7812152236812819,0.5119074115290451,107.03444357232274
Tranching_Safety,0.25,1.75,0.09,0.04,0.15,0.8986,-57.119828049435796,1.17,0.7666666666666666,99.16459788644099
Tranching_Safety,0.25,1.75,0.09,0.04,0.15,1.2,-57.119828049435796,1.5624304473625639,1.0238148230580901,91.22095592487113
Tranching_Safety,0.25,2.0,0.06,0.02,0.0,0.6,-60.0,0.8012463832628532,0.43877778131061007,108.47108200057231
Tranching_Safety,0.25,2.0,0.06,0.02,0.0,0.8986,-60.0,1.2,0.657142857142857,100.74285714285715
Tranching_Safety,0.25,2.0,0.06,0.02,0.0,1.2,-60.0,1.6024927665257065,0.8775555626212201,92.94216400114465
Tranching_Safety,0.25,2.0,0.06,0.02,0.1,0.6,-58.13953488372092,0.8012463832628532,0.43877778131061007,107.72689595406068
Tranching_Safety,0.25,2.0,0.06,0.02,0.1,0.8986,-58.13953488372092,1.2,0.657142857142857,99.99867109634552
Tranching_Safety,0.25,2.0,0.06,0.02,0.1,1.2,-58.13953488372092,1.6024927665257065,0.8775555626212201,92.19797795463302
Tranching_Safety,0.25,2.0,0.06,0.02,0.15,0.6,-57.0578691184424,0.8012463832628532,0.43877778131061007,107.29422964794927
Tranching_Safety,0.25,2.0,0.06,0.02,0.15,0.8986,-57.0578691184424,1.2,0.657142857142857,99.5660047902341
Tranching_Safety,0.25,2.0,0.06,0.02,0.15,1.2,-57.0578691184424,1.6024927665257065,0.8775555626212201,91.7653116485216
Tranching_Safety,0.25,2.0,0.06,0.03,0.0,0.6,-60.0,0.8012463832628532,0.43877778131061007,108.47108200057231
Tranching_Safety,0.25,2.0,0.06,0.03,0.0,0.8986,-60.0,1.2,0.657142857142857,100.74285714285715
Tranching_Safety,0.25,2.0,0.06,0.03,0.0,1.2,-60.0,1.6024927665257065,0.8775555626212201,92.94216400114465
Tranching_Safety,0.25,2.0,0.06,0.03,0.1,0.6,-58.03136830719306,0.8012463832628532,0.43877778131061007,107.68362932344954
Tranching_Safety,0.25,2.0,0.06,0.03,0.1,0.8986,-58.03136830719306,1.2,0.657142857142857,99.95540446573438
Tranching_Safety,0.25,2.0,0.06,0.03,0.1,1.2,-58.03136830719306,1.6024927665257065,0.8775555626212201,92.15471132402187
Tranching_Safety,0.25,2.0,0.06,0.03,0.15,0.6,-56.94970254191454,0.8012463832628532,0.43877778131061007,107.25096301733812
Tranching_Safety,0.25,2.0,0.06,0.03,0.15,0.8986,-56.94970254191454,1.2,0.657142857142857,99.52273815962296
Tranching_Safety,0.25,2.0,0.06,0.03,0.15,1.2,-56.94970254191454,1.6024927665257065,0.8775555626212201,91.72204501791046
Tranching_Safety,0.25,2.0,0.06,0.04,0.0,0.6,-60.0,0.8012463832628532,0.43877778131061007,108.47108200057231
Tranching_Safety,0.25,2.0,0.06,0.04,0.0,0.8986,-60.0,1.2,0.657142857142857,100.74285714285715
Tranching_Safety,0.25,2.0,0.06,0.04,0.0,1.2,-60.0,1.6024927665257065,0.8775555626212201,92.94216400114465
Tranching_Safety,0.25,2.0,0.06,0.04,0.1,0.6,-57.92320173066523,0.8012463832628532,0.43877778131061007,107.64036269283841
Tranching_Safety,0.25,2.0,0.06,0.04,0.1,0.8986,-57.92320173066523,1.2,0.657142857142857,99.91213783512325
Tranching_Safety,0.25,2.0,0.06,0.04,0.1,1.2,-57.92320173066523,1.6024927665257065,0.8775555626212201,92.11144469341073
Tranching_Safety,0.25,2.0,0.06,0.04,0.15,0.6,-56.841535965386704,0.8012463832628532,0.43877778131061007,107.207696386727
Tranching_Safety,0.25,2.0,0.06,0.04,0.15,0.8986,-56.841535965386704,1.2,0.657142857142857,99.47947152901183
Tranching_Safety,0.25,2.0,0.06,0.04,0.15,1.2,-56.841535965386704,1.6024927665257065,0.8775555626212201,91.67877838729933
Tranching_Safety,0.25,2.0,0.073,0.02,0.0,0.6,-60.0,0.8012463832628532,0.43877778131061007,108.47108200057231
Tranching_Safety,0.25,2.0,0.073,0.02,0.0,0.8986,-60.0,1.2,0.657142857142857,100.74285714285715
Tranching_Safety,0.25,2.0,0.073,0.02,0.0,1.2,-60.0,1.6024927665257065,0.8775555626212201,92.94216400114465
Tranching_Safety,0.25,2.0,0.073,0.02,0.1,0.6,-58.256930212490566,0.8012463832628532,0.43877778131061007,107.77385408556853
Tranching_Safety,0.25,2.0,0.073,0.02,0.1,0.8986,-58.256930212490566,1.2,0.657142857142857,100.04562922785337
Tranching_Safety,0.25,2.0,0.073,0.02,0.1,1.2,-58.256930212490566,1.6024927665257065,0.8775555626212201,92.24493608614088
Tranching_Safety,0.25,2.0,0.073,0.02,0.15,0.6,-57.17829791823967,0.8012463832628532,0.43877778131061007,107.34240116786818
Tranching_Safety,0.25,2.0,0.073,0.02,0.15,0.8986,-57.17829791823967,1.2,0.657142857142857,99.61417631015301
Tranching_Safety,0.25,2.0,0.073,0.02,0.15,1.2,-57.17829791823967,1.6024927665257065,0.8775555626212201,91.81348316844051
Tranching_Safety,0.25,2.0,0.073,0.03,0.0,0.6,-60.0,0.8012463832628532,0.43877778131061007,108.47108200057231
Tranching_Safety,0.25,2.0,0.073,0.03,0.0,0.8986,-60.0,1.2,0.657142857142857,100.74285714285715
Tranching_Safety,0.25,2.0,0.073,0.03,0.0,1.2,-60.0,1.6024927665257065,0.8775555626212201,92.94216400114465
Tranching_Safety,0.25,2.0,0.073,0.03,0.1,0.6,-58.14906698306548,0.8012463832628532,0.43877778131061007,107.7307087937985
Tranching_Safety,0.25,2.0,0.073,0.03,0.1,0.8986,-58.14906698306548,1.2,0.657142857142857,100.00248393608334
Tranching_Safety,0.25,2.0,0.073,0.03,0.1,1.2,-58.14906698306548,1.6024927665257065,0.8775555626212201,92.20179079437084
Tranching_Safety,0.25,2.0,0.073,0.03,0.15,0.6,-57.07043468881457,0.8012463832628532,0.43877778131061007,107.29925587609814
Tranching_Safety,0.25,2.0,0.073,0.03,0.15,0.8986,-57.07043468881457,1.2,0.657142857142857,99.57103101838298
Tranching_Safety,0.25,2.0,0.073,0.03,0.15,1.2,-57.07043468881457,1.6024927665257065,0.8775555626212201,91.77033787667048
Tranching_Safety,0.25,2.0,0.073,0.04,0.0,0.6,-60.0,0.8012463832628532,0.43877778131061007,108.47108200057231
Tranching_Safety,0.25,2.0,0.073,0.04,0.0,0.8986,-60.0,1.2,0.657142857142857,100.74285714285715
Tranching_Safety,0.25,2.0,0.073,0.04,0.0,1.2,-60.0,1.6024927665257065,0.8775555626212201,92.94216400114465
Tranching_Safety,0.25,2.0,0.073,0.04,0.1,0.6,-58.04120375364039,0.8012463832628532,0.43877778131061007,107.68756350202847
Tranching_Safety,0.25,2.0,0.073,0.04,0.1,0.8986,-58.04120375364039,1.2,0.657142857142857,99.9593386443133
Tranching_Safety,0.25,2.0,0.073,0.04,0.1,1.2,-58.04120375364039,1.6024927665257065,0.8775555626212201,92.1586455026008
Tranching_Safety,0.25,2.0,0.073,0.04,0.15,0.6,-56.9625714593895,0.8012463832628532,0.43877778131061007,107.25611058432811
Tranching_Safety,0.25,2.0,0.073,0.04,0.15,0.8986,-56.9625714593895,1.2,0.657142857142857,99.52788572661295
Tranching_Safety,0.25,2.0,0.073,0.04,0.15,1.2,-56.9625714593895,1.6024927665257065,0.8775555626212201,91.72719258490045
Tranching_Safety,0.25,2.0,0.09,0.02,0.0,0.6,-60.0,0.8012463832628532,0.43877778131061007,108.47108200057231
Tranching_Safety,0.25,2.0,0.09,0.02,0.0,0.8986,-60.0,1.2,0.657142857142857,100.74285714285715
Tranching_Safety,0.25,2.0,0.09,0.02,0.0,1.2,-60.0,1.6024927665257065,0.8775555626212201,92.94216400114465
Tranching_Safety,0.25,2.0,0.09,0.02,0.1,0.6,-58.409457281031706,0.8012463832628532,0.43877778131061007,107.83486491298498
Tranching_Safety,0.25,2.0,0.09,0.02,0.1,0.8986,-58.409457281031706,1.2,0.657142857142857,100.10664005526982
Tranching_Safety,0.25,2.0,0.09,0.02,0.1,1.2,-58.409457281031706,1.6024927665257065,0.8775555626212201,92.30594691355734
Tranching_Safety,0.25,2.0,0.09,0.02,0.15,0.6,-57.334766254701776,0.8012463832628532,0.43877778131061007,107.40498850245302
Tranching_Safety,0.25,2.0,0.09,0.02,0.15,0.8986,-57.334766254701776,1.2,0.657142857142857,99.67676364473786
Tranching_Safety,0.25,2.0,0.09,0.02,0.15,1.2,-57.334766254701776,1.6024927665257065,0.8775555626212201,91.87607050302536
Tranching_Safety,0.25,2.0,0.09,0.03,0.0,0.6,-60.0,0.8012463832628532,0.43877778131061007,108.47108200057231
Tranching_Safety,0.25,2.0,0.09,0.03,0.0,0.8986,-60.0,1.2,0.657142857142857,100.74285714285715
Tranching_Safety,0.25,2.0,0.09,0.03,0.0,1.2,-60.0,1.6024927665257065,0.8775555626212201,92.94216400114465
Tranching_Safety,0.25,2.0,0.09,0.03,0.1,0.6,-58.30198817839871,0.8012463832628532,0.43877778131061007,107.7918772719318
Tranching_Safety,0.25,2.0,0.09,0.03,0.1,0.8986,-58.30198817839871,1.2,0.657142857142857,100.06365241421663
Tranching_Safety,0.25,2.0,0.09,0.03,0.1,1.2,-58.30198817839871,1.6024927665257065,0.8775555626212201,92.26295927250413
Tranching_Safety,0.25,2.0,0.09,0.03,0.15,0.6,-57.22729715206878,0.8012463832628532,0.43877778131061007,107.36200086139982
Tranching_Safety,0.25,2.0,0.09,0.03,0.15,0.8986,-57.22729715206878,1.2,0.657142857142857,99.63377600368466
Tranching_Safety,0.25,2.0,0.09,0.03,0.15,1.2,-57.22729715206878,1.6024927665257065,0.8775555626212201,91.83308286197216
Tranching_Safety,0.25,2.0,0.09,0.04,0.0,0.6,-60.0,0.8012463832628532,0.43877778131061007,108.47108200057231
Tranching_Safety,0.25,2.0,0.09,0.04,0.0,0.8986,-60.0,1.2,0.657142857142857,100.74285714285715
Tranching_Safety,0.25,2.0,0.09,0.04,0.0,1.2,-60.0,1.6024927665257065,0.8775555626212201,92.94216400114465
Tranching_Safety,0.25,2.0,0.09,0.04,0.1,0.6,-58.19451907576572,0.8012463832628532,0.43877778131061007,107.7488896308786
Tranching_Safety,0.25,2.0,0.09,0.04,0.1,0.8986,-58.19451907576572,1.2,0.657142857142857,100.02066477316343
Tranching_Safety,0.25,2.0,0.09,0.04,0.1,1.2,-58.19451907576572,1.6024927665257065,0.8775555626212201,92.21997163145093
Tranching_Safety,0.25,2.0,0.09,0.04,0.15,0.6,-57.119828049435796,0.8012463832628532,0.43877778131061007,107.31901322034662
Tranching_Safety,0.25,2.0,0.09,0.04,0.15,0.8986,-57.119828049435796,1.2,0.657142857142857,99.59078836263146
Tranching_Safety,0.25,2.0,0.09,0.04,0.15,1.2,-57.119828049435796,1.6024927665257065,0.8775555626212201,91.79009522091897
Tranching_Safety,0.25,2.5,0.06,0.02,0.0,0.6,-60.0,0.841308702425996,0.34127160768603004,108.65019660212182
Tranching_Safety,0.25,2.5,0.06,0.02,0.0,0.8986,-60.0,1.26,0.5111111111111111,101.0111111111111
Tranching_Safety,0.25,2.5,0.06,0.02,0.0,1.2,-60.0,1.682617404851992,0.6825432153720601,93.30039320424363
Tranching_Safety,0.25,2.5,0.06,0.02,0.1,0.6,-58.13953488372092,0.841308702425996,0.34127160768603004,107.9060105556102
Tranching_Safety,0.25,2.5,0.06,0.02,0.1,0.8986,-58.13953488372092,1.26,0.5111111111111111,100.26692506459948
Tranching_Safety,0.25,2.5,0.06,0.02,0.1,1.2,-58.13953488372092,1.682617404851992,0.6825432153720601,92.556207157732
Tranching_Safety,0.25,2.5,0.06,0.02,0.15,0.6,-57.0578691184424,0.841308702425996,0.34127160768603004,107.47334424949878
Tranching_Safety,0.25,2.5,0.06,0.02,0.15,0.8986,-57.0578691184424,1.26,0.5111111111111111,99.83425875848806
Tranching_Safety,0.25,2.5,0.06,0.02,0.15,1.2,-57.0578691184424,1.682617404851992,0.6825432153720601,92.12354085162059
Tranching_Safety,0.25,2.5,0.06,0.03,0.0,0.6,-60.0,0.841308702425996,0.34127160768603004,108.65019660212182
Tranching_Safety,0.25,2.5,0.06,0.03,0.0,0.8986,-60.0,1.26,0.5111111111111111,101.0111111111111
Tranching_Safety,0.25,2.5,0.06,0.03,0.0,1.2,-60.0,1.682617404851992,0.6825432153720601,93.30039320424363
Tranching_Safety,0.25,2.5,0.06,0.03,0.1,0.6,-58.03136830719306,0.841308702425996,0.34127160768603004,107.86274392499905
Tranching_Safety,0.25,2.5,0.06,0.03,0.1,0.8986,-58.03136830719306,1.26,0.5111111111111111,100.22365843398833
Tranching_Safety,0.25,2.5,0.06,0.03,0.1,1.2,-58.03136830719306,1.682617404851992,0.6825432153720601,92.51294052712086
Tranching_Safety,0.25,2.5,0.06,0.03,0.15,0.6,-56.94970254191454,0.841308702425996,0.34127160768603004,107.43007761888764
Tranching_Safety,0.25,2.5,0.06,0.03,0.15,0.8986,-56.94970254191454,1.26,0.5111111111111111,99.79099212787692
Tranching_Safety,0.25,2.5,0.06,0.03,0.15,1.2,-56.94970254191454,1.682617404851992,0.6825432153720601,92.08027422100945
Tranching_Safety,0.25,2.5,0.06,0.04,0.0,0.6,-60.0,0.841308702425996,0.34127160768603004,108.65019660212182
Tranching_Safety,0.25,2.5,0.06,0.04,0.0,0.8986,-60.0,1.26,0.5111111111111111,101.0111111111111
Tranching_Safety,0.25,2.5,0.06,0.04,0.0,1.2,-60.0,1.682617404851992,0.6825432153720601,93.30039320424363
Tranching_Safety,0.25,2.5,0.06,0.04,0.1,0.6,-57.92320173066523,0.841308702425996,0.34127160768603004,107.81947729438792
Tranching_Safety,0.25,2.5,0.06,0.04,0.1,0.8986,-57.92320173066523,1.26,0.5111111111111111,100.1803918033772
Tranching_Safety,0.25,2.5,0.06,0.04,0.1,1.2,-57.92320173066523,1.682617404851992,0.6825432153720601,92.46967389650973
Tranching_Safety,0.25,2.5,0.06,0.04,0.15,0.6,-56.841535965386704,0.841308702425996,0.34127160768603004,107.38681098827651
Tranching_Safety,0.25,2.5,0.06,0.04,0.15,0.8986,-56.841535965386704,1.26,0.5111111111111111,99.74772549726579
Tranching_Safety,0.25,2.5,0.06,0.04,0.15,1.2,-56.841535965386704,1.682617404851992,0.6825432153720601,92.03700759039832
Tranching_Safety,0.25,2.5,0.073,0.02,0.0,0.6,-60.0,0.841308702425996,0.34127160768603004,108.65019660212182
Tranching_Safety,0.25,2.5,0.073,0.02,0.0,0.8986,-60.0,1.26,0.5111111111111111,101.0111111111111
Tranching_Safety,0.25,2.5,0.073,0.02,0.0,1.2,-60.0,1.682617404851992,0.6825432153720601,93.30039320424363
Tranching_Safety,0.25,2.5,0.073,0.02,0.1,0.6,-58.256930212490566,0.841308702425996,0.34127160768603004,107.95296868711804
Tranching_Safety,0.25,2.5,0.073,0.02,0.1,0.8986,-58.256930212490566,1.26,0.5111111111111111,100.31388319610733
Tranching_Safety,0.25,2.5,0.073,0.02,0.1,1.2,-58.256930212490566,1.682617404851992,0.6825432153720601,92.60316528923985
Tranching_Safety,0.25,2.5,0.073,0.02,0.15,0.6,-57.17829791823967,0.841308702425996,0.34127160768603004,107.52151576941769
Tranching_Safety,0.25,2.5,0.073,0.02,0.15,0.8986,-57.17829791823967,1.26,0.5111111111111111,99.88243027840697
Tranching_Safety,0.25,2.5,0.073,0.02,0.15,1.2,-57.17829791823967,1.682617404851992,0.6825432153720601,92.1717123715395
Tranching_Safety,0.25,2.5,0.073,0.03,0.0,0.6,-60.0,0.841308702425996,0.34127160768603004,108.65019660212182
Tranching_Safety,0.25,2.5,0.073,0.03,0.0,0.8986,-60.0,1.26,0.5111111111111111,101.0111111111111
Tranching_Safety,0.25,2.5,0.073,0.03,0.0,1.2,-60.0,1.682617404851992,0.6825432153720601,93.30039320424363
Tranching_Safety,0.25,2.5,0.073,0.03,0.1,0.6,-58.14906698306548,0.841308702425996,0.34127160768603004,107.90982339534801
Tranching_Safety,0.25,2.5,0.073,0.03,0.1,0.8986,-58.14906698306548,1.26,0.5111111111111111,100.2707379043373
Tranching_Safety,0.25,2.5,0.073,0.03,0.1,1.2,-58.14906698306548,1.682617404851992,0.6825432153720601,92.56001999746982
Tranching_Safety,0.25,2.5,0.073,0.03,0.15,0.6,-57.07043468881457,0.841308702425996,0.34127160768603004,107.47837047764766
Tranching_Safety,0.25,2.5,0.073,0.03,0.15,0.8986,-57.07043468881457,1.26,0.5111111111111111,99.83928498663694
Tranching_Safety,0.25,2.5,0.073,0.03,0.15,1.2,-57.07043468881457,1.682617404851992,0.6825432153720601,92.12856707976947
Tranching_Safety,0.25,2.5,0.073,0.04,0.0,0.6,-60.0,0.841308702425996,0.34127160768603004,108.65019660212182
Tranching_Safety,0.25,2.5,0.073,0.04,0.0,0.8986,-60.0,1.26,0.5111111111111111,101.0111111111111
Tranching_Safety,0.25,2.5,0.073,0.04,0.0,1.2,-60.0,1.682617404851992,0.6825432153720601,93.30039320424363
Tranching_Safety,0.25,2.5,0.073,0.04,0.1,0.6,-58.04120375364039,0.841308702425996,0.34127160768603004,107.86667810357798
Tranching_Safety,0.25,2.5,0.073,0.04,0.1,0.8986,-58.04120375364039,1.26,0.5111111111111111,100.22759261256726
Tranching_Safety,0.25,2.5,0.073,0.04,0.1,1.2,-58.04120375364039,1.682617404851992,0.6825432153720601,92.51687470569979
Tranching_Safety,0.25,2.5,0.073,0.04,0.15,0.6,-56.9625714593895,0.841308702425996,0.34127160768603004,107.43522518587763
Tranching_Safety,0.25,2.5,0.073,0.04,0.15,0.8986,-56.9625714593895,1.26,0.5111111111111111,99.79613969486691
Tranching_Safety,0.25,2.5,0.073,0.04,0.15,1.2,-56.9625714593895,1.682617404851992,0.6825432153720601,92.08542178799944
Tranching_Safety,0.25,2.5,0.09,0.02,0.0,0.6,-60.0,0.841308702425996,0.34127160768603004,108.65019660212182
Tranching_Safety,0.25,2.5,0.09,0.02,0.0,0.8986,-60.0,1.26,0.5111111111111111,101.0111111111111
Tranching_Safety,0.25,2.5,0.09,0.02,0.0,1.2,-60.0,1.682617404851992,0.6825432153720601,93.30039320424363
Tranching_Safety,0.25,2.5,0.09,0.02,0.1,0.6,-58.409457281031706,0.841308702425996,0.34127160768603004,108.0139795145345
Tranching_Safety,0.25,2.5,0.09,0.02,0.1,0.8986,-58.409457281031706,1.26,0.5111111111111111,100.37489402352378
Tranching_Safety,0.25,2.5,0.09,0.02,0.1,1.2,-58.409457281031706,1.682617404851992,0.6825432153720601,92.66417611665631
Tranching_Safety,0.25,2.5,0.09,0.02,0.15,0.6,-57.334766254701776,0.841308702425996,0.34127160768603004,107.58410310400254
Tranching_Safety,0.25,2.5,0.09,0.02,0.15,0.8986,-57.334766254701776,1.26,0.5111111111111111,99.94501761299182
Tranching_Safety,0.25,2.5,0.09,0.02,0.15,1.2,-57.334766254701776,1.682617404851992,0.6825432153720601,92.23429970612435
Tranching_Safety,0.25,2.5,0.09,0.03,0.0,0.6,-60.0,0.841308702425996,0.34127160768603004,108.65019660212182
Tranching_Safety,0.25,2.5,0.09,0.03,0.0,0.8986,-60.0,1.26,0.5111111111111111,101.0111111111111
Tranching_Safety,0.25,2.5,0.09,0.03,0.0,1.2,-60.0,1.682617404851992,0.6825432153720601,93.30039320424363
Tranching_Safety,0.25,2.5,0.09,0.03,0.1,0.6,-58.30198817839871,0.841308702425996,0.34127160768603004,107.97099187348131
Tranching_Safety,0.25,2.5,0.09,0.03,0.1,0.8986,-58.30198817839871,1.26,0.5111111111111111,100.33190638247059
Tranching_Safety,0.25,2.5,0.09,0.03,0.1,1.2,-58.30198817839871,1.682617404851992,0.6825432153720601,92.62118847560312
Tranching_Safety,0.25,2.5,0.09,0.03,0.15,0.6,-57.22729715206878,0.841308702425996,0.34127160768603004,107.54111546294934
Tranching_Safety,0.25,2.5,0.09,0.03,0.15,0.8986,-57.22729715206878,1.26,0.5111111111111111,99.90202997193862
Tranching_Safety,0.25,2.5,0.09,0.03,0.15,1.2,-57.22729715206878,1.682617404851992,0.6825432153720601,92.19131206507114
Tranching_Safety,0.25,2.5,0.09,0.04,0.0,0.6,-60.0,0.841308702425996,0.34127160768603004,108.65019660212182
Tranching_Safety,0.25,2.5,0.09,0.04,0.0,0.8986,-60.0,1.26,0.5111111111111111,101.0111111111111
Tranching_Safety,0.25,2.5,0.09,0.04,0.0,1.2,-60.0,1.682617404851992,0.6825432153720601,93.30039320424363
Tranching_Safety,0.25,2.5,0.09,0.04,0.1,0.6,-58.19451907576572,0.841308702425996,0.34127160768603004,107.92800423242811
Tranching_Safety,0.25,2.5,0.09,0.04,0.1,0.8986,-58.19451907576572,1.26,0.5111111111111111,100.28891874141739
Tranching_Safety,0.25,2.5,0.09,0.04,0.1,1.2,-58.19451907576572,1.682617404851992,0.6825432153720601,92.57820083454992
Tranching_Safety,0.25,2.5,0.09,0.04,0.15,0.6,-57.119828049435796,0.841308702425996,0.34127160768603004,107.49812782189613
Tranching_Safety,0.25,2.5,0.09,0.04,0.15,0.8986,-57.119828049435796,1.26,0.5111111111111111,99.85904233088542
Tranching_Safety,0.25,2.5,0.09,0.04,0.15,1.2,-57.119828049435796,1.682617404851992,0.6825432153720601,92.14832442401794
Tranching_Safety,0.35,1.75,0.06,0.02,0.0,0.6,-62.96296296296296,0.7691965279323391,0.5484722266382627,109.25945945309401
Tranching_Safety,0.35,1.75,0.06,0.02,0.0,0.8986,-62.96296296296296,1.152,0.8214285714285714,101.33375661375662
Tranching_Safety,0.35,1.75,0.06,0.02,0.0,1.2,-62.96296296296296,1.5383930558646781,1.0969444532765253,93.33373372100283
Tranching_Safety,0.35,1.75,0.06,0.02,0.1,0.6,-61.203007518796994,0.7691965279323391,0.5484722266382627,108.55547727542762
Tranching_Safety,0.35,1.75,0.06,0.02,0.1,0.8986,-61.203007518796994,1.152,0.8214285714285714,100.62977443609023
Tranching_Safety,0.35,1.75,0.06,0.02,0.1,1.2,-61.203007518796994,1.5383930558646781,1.0969444532765253,92.62975154333644
Tranching_Safety,0.35,1.75,0.06,0.02,0.15,0.6,-60.20050125313282,0.7691965279323391,0.5484722266382627,108.15447476916195
Tranching_Safety,0.35,1.75,0.06,0.02,0.15,0.8986,-60.20050125313282,1.152,0.8214285714285714,100.22877192982456
Tranching_Safety,0.35,1.75,0.06,0.02,0.15,1.2,-60.20050125313282,1.5383930558646781,1.0969444532765253,92.22874903707077
Tranching_Safety,0.35,1.75,0.06,0.03,0.0,0.6,-62.96296296296296,0.7691965279323391,0.5484722266382627,109.25945945309401
Tranching_Safety,0.35,1.75,0.06,0.03,0.0,0.8986,-62.96296296296296,1.152,0.8214285714285714,101.33375661375662
Tranching_Safety,0.35,1.75,0.06,0.03,0.0,1.2,-62.96296296296296,1.5383930558646781,1.0969444532765253,93.33373372100283
Tranching_Safety,0.35,1.75,0.06,0.03,0.1,0.6,-61.10275689223057,0.7691965279323391,0.5484722266382627,108.51537702480104
Tranching_Safety,0.35,1.75,0.06,0.03,0.1,0.8986,-61.10275689223057,1.152,0.8214285714285714,100.58967418546365
Tranching_Safety,0.35,1.75,0.06,0.03,0.1,1.2,-61.10275689223057,1.5383930558646781,1.0969444532765253,92.58965129270987
Tranching_Safety,0.35,1.75,0.06,0.03,0.15,0.6,-60.10025062656641,0.7691965279323391,0.5484722266382627,108.11437451853539
Tranching_Safety,0.35,1.75,0.06,0.03,0.15,0.8986,-60.10025062656641,1.152,0.8214285714285714,100.188671679198
Tranching_Safety,0.35,1.75,0.06,0.03,0.15,1.2,-60.10025062656641,1.5383930558646781,1.0969444532765253,92.1886487864442
Tranching_Safety,0.35,1.75,0.06,0.04,0.0,0.6,-62.96296296296296,0.7691965279323391,0.5484722266382627,109.25945945309401
Tranching_Safety,0.35,1.75,0.06,0.04,0.0,0.8986,-62.96296296296296,1.152,0.8214285714285714,101.33375661375662
Tranching_Safety,0.35,1.75,0.06,0.04,0.0,1.2,-62.96296296296296,1.5383930558646781,1.0969444532765253,93.33373372100283
Tranching_Safety,0.35,1.75,0.06,0.04,0.1,0.6,-61.00250626566416,0.7691965279323391,0.5484722266382627,108.47527677417449
Tranching_Safety,0.35,1.75,0.06,0.04,0.1,0.8986,-61.00250626566416,1.152,0.8214285714285714,100.5495739348371
Tranching_Safety,0.35,1.75,0.06,0.04,0.1,1.2,-61.00250626566416,1.5383930558646781,1.0969444532765253,92.5495510420833
Tranching_Safety,0.35,1.75,0.06,0.04,0.15,0.6,-60.0,0.7691965279323391,0.5484722266382627,108.07427426790882
Tranching_Safety,0.35,1.75,0.06,0.04,0.15,0.8986,-60.0,1.152,0.8214285714285714,100.14857142857143
Tranching_Safety,0.35,1.75,0.06,0.04,0.15,1.2,-60.0,1.5383930558646781,1.0969444532765253,92.14854853581764
Tranching_Safety,0.35,1.75,0.073,0.02,0.0,0.6,-62.96296296296296,0.7691965279323391,0.5484722266382627,109.25945945309401
Tranching_Safety,0.35,1.75,0.073,0.02,0.0,0.8986,-62.96296296296296,1.152,0.8214285714285714,101.33375661375662
Tranching_Safety,0.35,1.75,0.073,0.02,0.0,1.2,-62.96296296296296,1.5383930558646781,1.0969444532765253,93.33373372100283
Tranching_Safety,0.35,1.75,0.073,0.02,0.1,0.6,-61.3038696130387,0.7691965279323391,0.5484722266382627,108.5958221131243
Tranching_Safety,0.35,1.75,0.073,0.02,0.1,0.8986,-61.3038696130387,1.152,0.8214285714285714,100.67011927378691
Tranching_Safety,0.35,1.75,0.073,0.02,0.1,1.2,-61.3038696130387,1.5383930558646781,1.0969444532765253,92.67009638103312
Tranching_Safety,0.35,1.75,0.073,0.02,0.15,0.6,-60.3039696030397,0.7691965279323391,0.5484722266382627,108.1958621091247
Tranching_Safety,0.35,1.75,0.073,0.02,0.15,0.8986,-60.3039696030397,1.152,0.8214285714285714,100.27015926978731
Tranching_Safety,0.35,1.75,0.073,0.02,0.15,1.2,-60.3039696030397,1.5383930558646781,1.0969444532765253,92.27013637703351
Tranching_Safety,0.35,1.75,0.073,0.03,0.0,0.6,-62.96296296296296,0.7691965279323391,0.5484722266382627,109.25945945309401
Tranching_Safety,0.35,1.75,0.073,0.03,0.0,0.8986,-62.96296296296296,1.152,0.8214285714285714,101.33375661375662
Tranching_Safety,0.35,1.75,0.073,0.03,0.0,1.2,-62.96296296296296,1.5383930558646781,1.0969444532765253,93.33373372100283
Tranching_Safety,0.35,1.75,0.073,0.03,0.1,0.6,-61.20387961203879,0.7691965279323391,0.5484722266382627,108.55582611272433
Tranching_Safety,0.35,1.75,0.073,0.03,0.1,0.8986,-61.20387961203879,1.152,0.8214285714285714,100.63012327338694
Tranching_Safety,0.35,1.75,0.073,0.03,0.1,1.2,-61.20387961203879,1.5383930558646781,1.0969444532765253,92.63010038063315
Tranching_Safety,0.35,1.75,0.073,0.03,0.15,0.6,-60.203979602039794,0.7691965279323391,0.5484722266382627,108.15586610872474
Tranching_Safety,0.35,1.75,0.073,0.03,0.15,0.8986,-60.203979602039794,1.152,0.8214285714285714,100.23016326938735
Tranching_Safety,0.35,1.75,0.073,0.03,0.15,1.2,-60.203979602039794,1.5383930558646781,1.0969444532765253,92.23014037663356
Tranching_Safety,0.35,1.75,0.073,0.04,0.0,0.6,-62.96296296296296,0.7691965279323391,0.5484722266382627,109.25945945309401
Tranching_Safety,0.35,1.75,0.073,0.04,0.0,0.8986,-62.96296296296296,1.152,0.8214285714285714,101.33375661375662
Tranching_Safety,0.35,1.75,0.073,0.04,0.0,1.2,-62.96296296296296,1.5383930558646781,1.0969444532765253,93.33373372100283
Tranching_Safety,0.35,1.75,0.073,0.04,0.1,0.6,-61.103889611038895,0.7691965279323391,0.5484722266382627,108.51583011232438
Tranching_Safety,0.35,1.75,0.073,0.04,0.1,0.8986,-61.103889611038895,1.152,0.8214285714285714,100.59012727298699
Tranching_Safety,0.35,1.75,0.073,0.04,0.1,1.2,-61.103889611038895,1.5383930558646781,1.0969444532765253,92.5901043802332
Tranching_Safety,0.35,1.75,0.073,0.04,0.15,0.6,-60.103989601039906,0.7691965279323391,0.5484722266382627,108.11587010832478
Tranching_Safety,0.35,1.75,0.073,0.04,0.15,0.8986,-60.103989601039906,1.152,0.8214285714285714,100.1901672689874
Tranching_Safety,0.35,1.75,0.073,0.04,0.15,1.2,-60.103989601039906,1.5383930558646781,1.0969444532765253,92.1901443762336
Tranching_Safety,0.35,1.75,0.09,0.02,0.0,0.6,-62.96296296296296,0.7691965279323391,0.5484722266382627,109.25945945309401
Tranching_Safety,0.35,1.75,0.09,0.02,0.0,0.8986,-62.96296296296296,1.152,0.8214285714285714,101.33375661375662
Tranching_Safety,0.35,1.75,0.09,0.02,0.0,1.2,-62.96296296296296,1.5383930558646781,1.0969444532765253,93.33373372100283
Tranching_Safety,0.35,1.75,0.09,0.02,0.1,0.6,-61.43497757847533,0.7691965279323391,0.5484722266382627,108.64826529929896
Tranching_Safety,0.35,1.75,0.09,0.02,0.1,0.8986,-61.43497757847533,1.152,0.8214285714285714,100.72256245996157
Tranching_Safety,0.35,1.75,0.09,0.02,0.1,1.2,-61.43497757847533,1.5383930558646781,1.0969444532765253,92.72253956720778
Tranching_Safety,0.35,1.75,0.09,0.02,0.15,0.6,-60.43846537120079,0.7691965279323391,0.5484722266382627,108.24966041638913
Tranching_Safety,0.35,1.75,0.09,0.02,0.15,0.8986,-60.43846537120079,1.152,0.8214285714285714,100.32395757705174
Tranching_Safety,0.35,1.75,0.09,0.02,0.15,1.2,-60.43846537120079,1.5383930558646781,1.0969444532765253,92.32393468429795
Tranching_Safety,0.35,1.75,0.09,0.03,0.0,0.6,-62.96296296296296,0.7691965279323391,0.5484722266382627,109.25945945309401
Tranching_Safety,0.35,1.75,0.09,0.03,0.0,0.8986,-62.96296296296296,1.152,0.8214285714285714,101.33375661375662
Tranching_Safety,0.35,1.75,0.09,0.03,0.0,1.2,-62.96296296296296,1.5383930558646781,1.0969444532765253,93.33373372100283
Tranching_Safety,0.35,1.75,0.09,0.03,0.1,0.6,-61.335326357747874,0.7691965279323391,0.5484722266382627,108.60840481100797
Tranching_Safety,0.35,1.75,0.09,0.03,0.1,0.8986,-61.335326357747874,1.152,0.8214285714285714,100.68270197167058
Tranching_Safety,0.35,1.75,0.09,0.03,0.1,1.2,-61.335326357747874,1.5383930558646781,1.0969444532765253,92.68267907891679
Tranching_Safety,0.35,1.75,0.09,0.03,0.15,0.6,-60.33881415047334,0.7691965279323391,0.5484722266382627,108.20979992809816
Tranching_Safety,0.35,1.75,0.09,0.03,0.15,0.8986,-60.33881415047334,1.152,0.8214285714285714,100.28409708876077
Tranching_Safety,0.35,1.75,0.09,0.03,0.15,1.2,-60.33881415047334,1.5383930558646781,1.0969444532765253,92.28407419600697
Tranching_Safety,0.35,1.75,0.09,0.04,0.0,0.6,-62.96296296296296,0.7691965279323391,0.5484722266382627,109.25945945309401
Tranching_Safety,0.35,1.75,0.09,0.04,0.0,0.8986,-62.96296296296296,1.152,0.8214285714285714,101.33375661375662
Tranching_Safety,0.35,1.75,0.09,0.04,0.0,1.2,-62.96296296296296,1.5383930558646781,1.0969444532765253,93.33373372100283
Tranching_Safety,0.35,1.75,0.09,0.04,0.1,0.6,-61.235675137020436,0.7691965279323391,0.5484722266382627,108.568544322717
Tranching_Safety,0.35,1.75,0.09,0.04,0.1,0.8986,-61.235675137020436,1.152,0.8214285714285714,100.64284148337961
Tranching_Safety,0.35,1.75,0.09,0.04,0.1,1.2,-61.235675137020436,1.5383930558646781,1.0969444532765253,92.64281859062581
Tranching_Safety,0.35,1.75,0.09,0.04,0.15,0.6,-60.239162929745895,0.7691965279323391,0.5484722266382627,108.16993943980718
Tranching_Safety,0.35,1.75,0.09,0.04,0.15,0.8986,-60.239162929745895,1.152,0.8214285714285714,100.24423660046979
Tranching_Safety,0.35,1.75,0.09,0.04,0.15,1.2,-60.239162929745895,1.5383930558646781,1.0969444532765253,92.244213707716
Tranching_Safety,0.35,2.0,0.06,0.02,0.0,0.6,-62.96296296296296,0.7892276875139105,0.46537037411731375,109.62380687953802
Tranching_Safety,0.35,2.0,0.06,0.02,0.0,0.8986,-62.96296296296296,1.182,0.6969696969696969,101.87942760942761
Tranching_Safety,0.35,2.0,0.06,0.02,0.0,1.2,-62.96296296296296,1.578455375027821,0.9307407482346275,94.06242857389086
Tranching_Safety,0.35,2.0,0.06,0.02,0.1,0.6,-61.203007518796994,0.7892276875139105,0.46537037411731375,108.91982470187163
Tranching_Safety,0.35,2.0,0.06,0.02,0.1,0.8986,-61.203007518796994,1.182,0.6969696969696969,101.17544543176122
Tranching_Safety,0.35,2.0,0.06,0.02,0.1,1.2,-61.203007518796994,1.578455375027821,0.9307407482346275,93.35844639622447
Tranching_Safety,0.35,2.0,0.06,0.02,0.15,0.6,-60.20050125313282,0.7892276875139105,0.46537037411731375,108.51882219560596
Tranching_Safety,0.35,2.0,0.06,0.02,0.15,0.8986,-60.20050125313282,1.182,0.6969696969696969,100.77444292549555
Tranching_Safety,0.35,2.0,0.06,0.02,0.15,1.2,-60.20050125313282,1.578455375027821,0.9307407482346275,92.9574438899588
Tranching_Safety,0.35,2.0,0.06,0.03,0.0,0.6,-62.96296296296296,0.7892276875139105,0.46537037411731375,109.62380687953802
Tranching_Safety,0.35,2.0,0.06,0.03,0.0,0.8986,-62.96296296296296,1.182,0.6969696969696969,101.87942760942761
Tranching_Safety,0.35,2.0,0.06,0.03,0.0,1.2,-62.96296296296296,1.578455375027821,0.9307407482346275,94.06242857389086
Tranching_Safety,0.35,2.0,0.06,0.03,0.1,0.6,-61.10275689223057,0.7892276875139105,0.46537037411731375,108.87972445124507
Tranching_Safety,0.35,2.0,0.06,0.03,0.1,0.8986,-61.10275689223057,1.182,0.6969696969696969,101.13534518113465
Tranching_Safety,0.35,2.0,0.06,0.03,0.1,1.2,-61.10275689223057,1.578455375027821,0.9307407482346275,93.3183461455979
Tranching_Safety,0.35,2.0,0.06,0.03,0.15,0.6,-60.10025062656641,0.7892276875139105,0.46537037411731375,108.4787219449794
Tranching_Safety,0.35,2.0,0.06,0.03,0.15,0.8986,-60.10025062656641,1.182,0.6969696969696969,100.73434267486898
Tranching_Safety,0.35,2.0,0.06,0.03,0.15,1.2,-60.10025062656641,1.578455375027821,0.9307407482346275,92.91734363933223
Tranching_Safety,0.35,2.0,0.06,0.04,0.0,0.6,-62.96296296296296,0.7892276875139105,0.46537037411731375,109.62380687953802
Tranching_Safety,0.35,2.0,0.06,0.04,0.0,0.8986,-62.96296296296296,1.182,0.6969696969696969,101.87942760942761
Tranching_Safety,0.35,2.0,0.06,0.04,0.0,1.2,-62.96296296296296,1.578455375027821,0.9307407482346275,94.06242857389086
Tranching_Safety,0.35,2.0,0.06,0.04,0.1,0.6,-61.00250626566416,0.7892276875139105,0.46537037411731375,108.83962420061849
Tranching_Safety,0.35,2.0,0.06,0.04,0.1,0.8986,-61.00250626566416,1.182,0.6969696969696969,101.09524493050807
Tranching_Safety,0.35,2.0,0.06,0.04,0.1,1.2,-61.00250626566416,1.578455375027821,0.9307407482346275,93.27824589497132
Tranching_Safety,0.35,2.0,0.06,0.04,0.15,0.6,-60.0,0.7892276875139105,0.46537037411731375,108.43862169435283
Tranching_Safety,0.35,2.0,0.06,0.04,0.15,0.8986,-60.0,1.182,0.6969696969696969,100.69424242424242
Tranching_Safety,0.35,2.0,0.06,0.04,0.15,1.2,-60.0,1.578455375027821,0.9307407482346275,92.87724338870566
Tranching_Safety,0.35,2.0,0.073,0.02,0.0,0.6,-62.96296296296296,0.7892276875139105,0.46537037411731375,109.62380687953802
Tranching_Safety,0.35,2.0,0.073,0.02,0.0,0.8986,-62.96296296296296,1.182,0.6969696969696969,101.87942760942761
Tranching_Safety,0.35,2.0,0.073,0.02,0.0,1.2,-62.96296296296296,1.578455375027821,0.9307407482346275,94.06242857389086
Tranching_Safety,0.35,2.0,0.073,0.02,0.1,0.6,-61.3038696130387,0.7892276875139105,0.46537037411731375,108.96016953956831
Tranching_Safety,0.35,2.0,0.073,0.02,0.1,0.8986,-61.3038696130387,1.182,0.6969696969696969,101.2157902694579
Tranching_Safety,0.35,2.0,0.073,0.02,0.1,1.2,-61.3038696130387,1.578455375027821,0.9307407482346275,93.39879123392114
Tranching_Safety,0.35,2.0,0.073,0.02,0.15,0.6,-60.3039696030397,0.7892276875139105,0.46537037411731375,108.5602095355687
Tranching_Safety,0.35,2.0,0.073,0.02,0.15,0.8986,-60.3039696030397,1.182,0.6969696969696969,100.81583026545829
Tranching_Safety,0.35,2.0,0.073,0.02,0.15,1.2,-60.3039696030397,1.578455375027821,0.9307407482346275,92.99883122992154
Tranching_Safety,0.35,2.0,0.073,0.03,0.0,0.6,-62.96296296296296,0.7892276875139105,0.46537037411731375,109.62380687953802
Tranching_Safety,0.35,2.0,0.073,0.03,0.0,0.8986,-62.96296296296296,1.182,0.6969696969696969,101.87942760942761
Tranching_Safety,0.35,2.0,0.073,0.03,0.0,1.2,-62.96296296296296,1.578455375027821,0.9307407482346275,94.06242857389086
Tranching_Safety,0.35,2.0,0.073,0.03,0.1,0.6,-61.20387961203879,0.7892276875139105,0.46537037411731375,108.92017353916835
Tranching_Safety,0.35,2.0,0.073,0.03,0.1,0.8986,-61.20387961203879,1.182,0.6969696969696969,101.17579426905793
Tranching_Safety,0.35,2.0,0.073,0.03,0.1,1.2,-61.20387961203879,1.578455375027821,0.9307407482346275,93.35879523352118
Tranching_Safety,0.35,2.0,0.073,0.03,0.15,0.6,-60.203979602039794,0.7892276875139105,0.46537037411731375,108.52021353516875
Tranching_Safety,0.35,2.0,0.073,0.03,0.15,0.8986,-60.203979602039794,1.182,0.6969696969696969,100.77583426505834
Tranching_Safety,0.35,2.0,0.073,0.03,0.15,1.2,-60.203979602039794,1.578455375027821,0.9307407482346275,92.95883522952158
Tranching_Safety,0.35,2.0,0.073,0.04,0.0,0.6,-62.96296296296296,0.7892276875139105,0.46537037411731375,109.62380687953802
Tranching_Safety,0.35,2.0,0.073,0.04,0.0,0.8986,-62.96296296296296,1.182,0.6969696969696969,101.87942760942761
Tranching_Safety,0.35,2.0,0.073,0.04,0.0,1.2,-62.96296296296296,1.578455375027821,0.9307407482346275,94.06242857389086
Tranching_Safety,0.35,2.0,0.073,0.04,0.1,0.6,-61.103889611038895,0.7892276875139105,0.46537037411731375,108.8801775387684
Tranching_Safety,0.35,2.0,0.073,0.04,0.1,0.8986,-61.103889611038895,1.182,0.6969696969696969,101.13579826865798
Tranching_Safety,0.35,2.0,0.073,0.04,0.1,1.2,-61.103889611038895,1.578455375027821,0.9307407482346275,93.31879923312123
Tranching_Safety,0.35,2.0,0.073,0.04,0.15,0.6,-60.103989601039906,0.7892276875139105,0.46537037411731375,108.4802175347688
Tranching_Safety,0.35,2.0,0.073,0.04,0.15,0.8986,-60.103989601039906,1.182,0.6969696969696969,100.73583826465838
Tranching_Safety,0.35,2.0,0.073,0.04,0.15,1.2,-60.103989601039906,1.578455375027821,0.9307407482346275,92.91883922912163
Tranching_Safety,0.35,2.0,0.09,0.02,0.0,0.6,-62.96296296296296,0.7892276875139105,0.46537037411731375,109.62380687953802
Tranching_Safety,0.35,2.0,0.09,0.02,0.0,0.8986,-62.96296296296296,1.182,0.6969696969696969,101.87942760942761
Tranching_Safety,0.35,2.0,0.09,0.02,0.0,1.2,-62.96296296296296,1.578455375027821,0.9307407482346275,94.06242857389086
Tranching_Safety,0.35,2.0,0.09,0.02,0.1,0.6,-61.43497757847533,0.7892276875139105,0.46537037411731375,109.01261272574297
Tranching_Safety,0.35,2.0,0.09,0.02,0.1,0.8986,-61.43497757847533,1.182,0.6969696969696969,101.26823345563255
Tranching_Safety,0.35,2.0,0.09,0.02,0.1,1.2,-61.43497757847533,1.578455375027821,0.9307407482346275,93.4512344200958
Tranching_Safety,0.35,2.0,0.09,0.02,0.15,0.6,-60.43846537120079,0.7892276875139105,0.46537037411731375,108.61400784283315
Tranching_Safety,0.35,2.0,0.09,0.02,0.15,0.8986,-60.43846537120079,1.182,0.6969696969696969,100.86962857272273
Tranching_Safety,0.35,2.0,0.09,0.02,0.15,1.2,-60.43846537120079,1.578455375027821,0.9307407482346275,93.05262953718598
Tranching_Safety,0.35,2.0,0.09,0.03,0.0,0.6,-62.96296296296296,0.7892276875139105,0.46537037411731375,109.62380687953802
Tranching_Safety,0.35,2.0,0.09,0.03,0.0,0.8986,-62.96296296296296,1.182,0.6969696969696969,101.87942760942761
Tranching_Safety,0.35,2.0,0.09,0.03,0.0,1.2,-62.96296296296296,1.578455375027821,0.9307407482346275,94.06242857389086
Tranching_Safety,0.35,2.0,0.09,0.03,0.1,0.6,-61.335326357747874,0.7892276875139105,0.46537037411731375,108.97275223745199
Tranching_Safety,0.35,2.0,0.09,0.03,0.1,0.8986,-61.335326357747874,1.182,0.6969696969696969,101.22837296734157
Tranching_Safety,0.35,2.0,0.09,0.03,0.1,1.2,-61.335326357747874,1.578455375027821,0.9307407482346275,93.41137393180482
Tranching_Safety,0.35,2.0,0.09,0.03,0.15,0.6,-60.33881415047334,0.7892276875139105,0.46537037411731375,108.57414735454216
Tranching_Safety,0.35,2.0,0.09,0.03,0.15,0.8986,-60.33881415047334,1.182,0.6969696969696969,100.82976808443175
Tranching_Safety,0.35,2.0,0.09,0.03,0.15,1.2,-60.33881415047334,1.578455375027821,0.9307407482346275,93.012769048895
Tranching_Safety,0.35,2.0,0.09,0.04,0.0,0.6,-62.96296296296296,0.7892276875139105,0.46537037411731375,109.62380687953802
Tranching_Safety,0.35,2.0,0.09,0.04,0.0,0.8986,-62.96296296296296,1.182,0.6969696969696969,101.87942760942761
Tranching_Safety,0.35,2.0,0.09,0.04,0.0,1.2,-62.96296296296296,1.578455375027821,0.9307407482346275,94.06242857389086
Tranching_Safety,0.35,2.0,0.09,0.04,0.1,0.6,-61.235675137020436,0.7892276875139105,0.46537037411731375,108.932891749161
Tranching_Safety,0.35,2.0,0.09,0.04,0.1,0.8986,-61.235675137020436,1.182,0.6969696969696969,101.18851247905059
Tranching_Safety,0.35,2.0,0.09,0.04,0.1,1.2,-61.235675137020436,1.578455375027821,0.9307407482346275,93.37151344351383
Tranching_Safety,0.35,2.0,0.09,0.04,0.15,0.6,-60.239162929745895,0.7892276875139105,0.46537037411731375,108.5342868662512
Tranching_Safety,0.35,2.0,0.09,0.04,0.15,0.8986,-60.239162929745895,1.182,0.6969696969696969,100.78990759614078
Tranching_Safety,0.35,2.0,0.09,0.04,0.15,1.2,-60.239162929745895,1.578455375027821,0.9307407482346275,92.97290856060403
Tranching_Safety,0.35,2.5,0.06,0.02,0.0,0.6,-62.96296296296296,0.8292900066770532,0.35714470571793844,109.88867743928589
Tranching_Safety,0.35,2.5,0.06,0.02,0.0,0.8986,-62.96296296296296,1.2420000000000002,0.5348837209302325,102.27611541774334
Tranching_Safety,0.35,2.5,0.06,0.02,0.0,1.2,-62.96296296296296,1.6585800133541064,0.7142894114358769,94.59216969338658
Tranching_Safety,0.35,2.5,0.06,0.02,0.1,0.6,-61.203007518796994,0.8292900066770532,0.35714470571793844,109.1846952616195
Tranching_Safety,0.35,2.5,0.06,0.02,0.1,0.8986,-61.203007518796994,1.2420000000000002,0.5348837209302325,101.57213324007695
Tranching_Safety,0.35,2.5,0.06,0.02,0.1,1.2,-61.203007518796994,1.6585800133541064,0.7142894114358769,93.88818751572019
Tranching_Safety,0.35,2.5,0.06,0.02,0.15,0.6,-60.20050125313282,0.8292900066770532,0.35714470571793844,108.78369275535383
Tranching_Safety,0.35,2.5,0.06,0.02,0.15,0.8986,-60.20050125313282,1.2420000000000002,0.5348837209302325,101.17113073381128
Tranching_Safety,0.35,2.5,0.06,0.02,0.15,1.2,-60.20050125313282,1.6585800133541064,0.7142894114358769,93.48718500945452
Tranching_Safety,0.35,2.5,0.06,0.03,0.0,0.6,-62.96296296296296,0.8292900066770532,0.35714470571793844,109.88867743928589
Tranching_Safety,0.35,2.5,0.06,0.03,0.0,0.8986,-62.96296296296296,1.2420000000000002,0.5348837209302325,102.27611541774334
Tranching_Safety,0.35,2.5,0.06,0.03,0.0,1.2,-62.96296296296296,1.6585800133541064,0.7142894114358769,94.59216969338658
Tranching_Safety,0.35,2.5,0.06,0.03,0.1,0.6,-61.10275689223057,0.8292900066770532,0.35714470571793844,109.14459501099293
Tranching_Safety,0.35,2.5,0.06,0.03,0.1,0.8986,-61.10275689223057,1.2420000000000002,0.5348837209302325,101.53203298945039
Tranching_Safety,0.35,2.5,0.06,0.03,0.1,1.2,-61.10275689223057,1.6585800133541064,0.7142894114358769,93.84808726509362
Tranching_Safety,0.35,2.5,0.06,0.03,0.15,0.6,-60.10025062656641,0.8292900066770532,0.35714470571793844,108.74359250472726
Tranching_Safety,0.35,2.5,0.06,0.03,0.15,0.8986,-60.10025062656641,1.2420000000000002,0.5348837209302325,101.13103048318472
Tranching_Safety,0.35,2.5,0.06,0.03,0.15,1.2,-60.10025062656641,1.6585800133541064,0.7142894114358769,93.44708475882796
Tranching_Safety,0.35,2.5,0.06,0.04,0.0,0.6,-62.96296296296296,0.8292900066770532,0.35714470571793844,109.88867743928589
Tranching_Safety,0.35,2.5,0.06,0.04,0.0,0.8986,-62.96296296296296,1.2420000000000002,0.5348837209302325,102.27611541774334
Tranching_Safety,0.35,2.5,0.06,0.04,0.0,1.2,-62.96296296296296,1.6585800133541064,0.7142894114358769,94.59216969338658
Tranching_Safety,0.35,2.5,0.06,0.04,0.1,0.6,-61.00250626566416,0.8292900066770532,0.35714470571793844,109.10449476036635
Tranching_Safety,0.35,2.5,0.06,0.04,0.1,0.8986,-61.00250626566416,1.2420000000000002,0.5348837209302325,101.4919327388238
Tranching_Safety,0.35,2.5,0.06,0.04,0.1,1.2,-61.00250626566416,1.6585800133541064,0.7142894114358769,93.80798701446705
Tranching_Safety,0.35,2.5,0.06,0.04,0.15,0.6,-60.0,0.8292900066770532,0.35714470571793844,108.7034922541007
Tranching_Safety,0.35,2.5,0.06,0.04,0.15,0.8986,-60.0,1.2420000000000002,0.5348837209302325,101.09093023255815
Tranching_Safety,0.35,2.5,0.06,0.04,0.15,1.2,-60.0,1.6585800133541064,0.7142894114358769,93.40698450820139
Tranching_Safety,0.35,2.5,0.073,0.02,0.0,0.6,-62.96296296296296,0.8292900066770532,0.35714470571793844,109.88867743928589
Tranching_Safety,0.35,2.5,0.073,0.02,0.0,0.8986,-62.96296296296296,1.2420000000000002,0.5348837209302325,102.27611541774334
Tranching_Safety,0.35,2.5,0.073,0.02,0.0,1.2,-62.96296296296296,1.6585800133541064,0.7142894114358769,94.59216969338658
Tranching_Safety,0.35,2.5,0.073,0.02,0.1,0.6,-61.3038696130387,0.8292900066770532,0.35714470571793844,109.22504009931617
Tranching_Safety,0.35,2.5,0.073,0.02,0.1,0.8986,-61.3038696130387,1.2420000000000002,0.5348837209302325,101.61247807777363
Tranching_Safety,0.35,2.5,0.073,0.02,0.1,1.2,-61.3038696130387,1.6585800133541064,0.7142894114358769,93.92853235341687
Tranching_Safety,0.35,2.5,0.073,0.02,0.15,0.6,-60.3039696030397,0.8292900066770532,0.35714470571793844,108.82508009531657
Tranching_Safety,0.35,2.5,0.073,0.02,0.15,0.8986,-60.3039696030397,1.2420000000000002,0.5348837209302325,101.21251807377402
Tranching_Safety,0.35,2.5,0.073,0.02,0.15,1.2,-60.3039696030397,1.6585800133541064,0.7142894114358769,93.52857234941726
Tranching_Safety,0.35,2.5,0.073,0.03,0.0,0.6,-62.96296296296296,0.8292900066770532,0.35714470571793844,109.88867743928589
Tranching_Safety,0.35,2.5,0.073,0.03,0.0,0.8986,-62.96296296296296,1.2420000000000002,0.5348837209302325,102.27611541774334
Tranching_Safety,0.35,2.5,0.073,0.03,0.0,1.2,-62.96296296296296,1.6585800133541064,0.7142894114358769,94.59216969338658
Tranching_Safety,0.35,2.5,0.073,0.03,0.1,0.6,-61.20387961203879,0.8292900066770532,0.35714470571793844,109.18504409891621
Tranching_Safety,0.35,2.5,0.073,0.03,0.1,0.8986,-61.20387961203879,1.2420000000000002,0.5348837209302325,101.57248207737366
Tranching_Safety,0.35,2.5,0.073,0.03,0.1,1.2,-61.20387961203879,1.6585800133541064,0.7142894114358769,93.8885363530169
Tranching_Safety,0.35,2.5,0.073,0.03,0.15,0.6,-60.203979602039794,0.8292900066770532,0.35714470571793844,108.78508409491661
Tranching_Safety,0.35,2.5,0.073,0.03,0.15,0.8986,-60.203979602039794,1.2420000000000002,0.5348837209302325,101.17252207337407
Tranching_Safety,0.35,2.5,0.073,0.03,0.15,1.2,-60.203979602039794,1.6585800133541064,0.7142894114358769,93.48857634901731
Tranching_Safety,0.35,2.5,0.073,0.04,0.0,0.6,-62.96296296296296,0.8292900066770532,0.35714470571793844,109.88867743928589
Tranching_Safety,0.35,2.5,0.073,0.04,0.0,0.8986,-62.96296296296296,1.2420000000000002,0.5348837209302325,102.27611541774334
Tranching_Safety,0.35,2.5,0.073,0.04,0.0,1.2,-62.96296296296296,1.6585800133541064,0.7142894114358769,94.59216969338658
Tranching_Safety,0.35,2.5,0.073,0.04,0.1,0.6,-61.103889611038895,0.8292900066770532,0.35714470571793844,109.14504809851626
Tranching_Safety,0.35,2.5,0.073,0.04,0.1,0.8986,-61.103889611038895,1.2420000000000002,0.5348837209302325,101.53248607697371
Tranching_Safety,0.35,2.5,0.073,0.04,0.1,1.2,-61.103889611038895,1.6585800133541064,0.7142894114358769,93.84854035261695
Tranching_Safety,0.35,2.5,0.073,0.04,0.15,0.6,-60.103989601039906,0.8292900066770532,0.35714470571793844,108.74508809451666
Tranching_Safety,0.35,2.5,0.073,0.04,0.15,0.8986,-60.103989601039906,1.2420000000000002,0.5348837209302325,101.13252607297412
Tranching_Safety,0.35,2.5,0.073,0.04,0.15,1.2,-60.103989601039906,1.6585800133541064,0.7142894114358769,93.44858034861736
Tranching_Safety,0.35,2.5,0.09,0.02,0.0,0.6,-62.96296296296296,0.8292900066770532,0.35714470571793844,109.88867743928589
Tranching_Safety,0.35,2.5,0.09,0.02,0.0,0.8986,-62.96296296296296,1.2420000000000002,0.5348837209302325,102.27611541774334
Tranching_Safety,0.35,2.5,0.09,0.02,0.0,1.2,-62.96296296296296,1.6585800133541064,0.7142894114358769,94.59216969338658
Tranching_Safety,0.35,2.5,0.09,0.02,0.1,0.6,-61.43497757847533,0.8292900066770532,0.35714470571793844,109.27748328549083
Tranching_Safety,0.35,2.5,0.09,0.02,0.1,0.8986,-61.43497757847533,1.2420000000000002,0.5348837209302325,101.66492126394829
Tranching_Safety,0.35,2.5,0.09,0.02,0.1,1.2,-61.43497757847533,1.6585800133541064,0.7142894114358769,93.98097553959153
Tranching_Safety,0.35,2.5,0.09,0.02,0.15,0.6,-60.43846537120079,0.8292900066770532,0.35714470571793844,108.87887840258101
Tranching_Safety,0.35,2.5,0.09,0.02,0.15,0.8986,-60.43846537120079,1.2420000000000002,0.5348837209302325,101.26631638103846
Tranching_Safety,0.35,2.5,0.09,0.02,0.15,1.2,-60.43846537120079,1.6585800133541064,0.7142894114358769,93.5823706566817
Tranching_Safety,0.35,2.5,0.09,0.03,0.0,0.6,-62.96296296296296,0.8292900066770532,0.35714470571793844,109.88867743928589
Tranching_Safety,0.35,2.5,0.09,0.03,0.0,0.8986,-62.96296296296296,1.2420000000000002,0.5348837209302325,102.27611541774334
Tranching_Safety,0.35,2.5,0.09,0.03,0.0,1.2,-62.96296296296296,1.6585800133541064,0.7142894114358769,94.59216969338658
Tranching_Safety,0.35,2.5,0.09,0.03,0.1,0.6,-61.335326357747874,0.8292900066770532,0.35714470571793844,109.23762279719985
Tranching_Safety,0.35,2.5,0.09,0.03,0.1,0.8986,-61.335326357747874,1.2420000000000002,0.5348837209302325,101.6250607756573
Tranching_Safety,0.35,2.5,0.09,0.03,0.1,1.2,-61.335326357747874,1.6585800133541064,0.7142894114358769,93.94111505130054
Tranching_Safety,0.35,2.5,0.09,0.03,0.15,0.6,-60.33881415047334,0.8292900066770532,0.35714470571793844,108.83901791429003
Tranching_Safety,0.35,2.5,0.09,0.03,0.15,0.8986,-60.33881415047334,1.2420000000000002,0.5348837209302325,101.22645589274748
Tranching_Safety,0.35,2.5,0.09,0.03,0.15,1.2,-60.33881415047334,1.6585800133541064,0.7142894114358769,93.54251016839072
Tranching_Safety,0.35,2.5,0.09,0.04,0.0,0.6,-62.96296296296296,0.8292900066770532,0.35714470571793844,109.88867743928589
Tranching_Safety,0.35,2.5,0.09,0.04,0.0,0.8986,-62.96296296296296,1.2420000000000002,0.5348837209302325,102.27611541774334
Tranching_Safety,0.35,2.5,0.09,0.04,0.0,1.2,-62.96296296296296,1.6585800133541064,0.7142894114358769,94.59216969338658
Tranching_Safety,0.35,2.5,0.09,0.04,0.1,0.6,-61.235675137020436,0.8292900066770532,0.35714470571793844,109.19776230890886
Tranching_Safety,0.35,2.5,0.09,0.04,0.1,0.8986,-61.235675137020436,1.2420000000000002,0.5348837209302325,101.58520028736632
Tranching_Safety,0.35,2.5,0.09,0.04,0.1,1.2,-61.235675137020436,1.6585800133541064,0.7142894114358769,93.90125456300956
Tranching_Safety,0.35,2.5,0.09,0.04,0.15,0.6,-60.239162929745895,0.8292900066770532,0.35714470571793844,108.79915742599906
Tranching_Safety,0.35,2.5,0.09,0.04,0.15,0.8986,-60.239162929745895,1.2420000000000002,0.5348837209302325,101.18659540445651
Tranching_Safety,0.35,2.5,0.09,0.04,0.15,1.2,-60.239162929745895,1.6585800133541064,0.7142894114358769,93.50264968009975
