path_id,annualized_peg_vol,max_drawdown_pct,burn_avax,n_upward,n_downward,max_solvency_gap
0,0.0,0.0,312000.00000000297,615,1,0.0
1,0.0,0.0,312000.00000000297,592,1,0.0
2,0.0,0.0,312000.00000000297,679,1,0.0
3,0.0,0.0,312000.00000000297,684,1,0.0
4,0.0,0.0,312000.00000000297,648,1,0.0
5,0.0,0.0,312000.00000000297,654,1,0.0
6,0.0,0.0,312000.00000000297,557,1,0.0
7,0.0,0.0,312000.00000000297,670,1,0.0
8,0.0,0.0,312000.00000000297,719,1,0.0
9,0.0,0.0,312000.00000000297,588,1,0.0
10,0.0,0.0,312000.00000000297,728,1,0.0
11,0.0,0.0,312000.00000000297,505,2,0.0
12,0.0,0.0,312000.00000000297,708,1,0.0
13,0.0,0.0,312000.00000000297,464,2,0.0
14,0.0,0.0,312000.00000000297,673,1,0.0
15,0.0,0.0,312000.00000000297,647,1,0.0
16,0.0,0.0,312000.00000000297,660,1,0.0
17,0.0,0.0,312000.00000000297,676,1,0.0
18,0.0,0.0,312000.00000000297,612,1,0.0
19,0.0,0.0,312000.00000000297,564,2,0.0
20,0.0,0.0,312000.00000000297,290,1,0.0
21,0.0,0.0,312000.00000000297,485,1,0.0
22,0.0,0.0,312000.00000000297,560,1,0.0
23,0.0,0.0,312000.00000000297,674,1,0.0
24,0.0,0.0,312000.00000000297,644,2,0.0
25,0.0,0.0,312000.00000000297,516,2,0.0
26,0.0,0.0,312000.00000000297,578,1,0.0
27,0.0,0.0,312000.00000000297,302,1,0.0
28,0.0,0.0,312000.00000000297,713,1,0.0
29,0.0,0.0,312000.00000000297,350,1,0.0
30,0.0,0.0,312000.00000000297,552,2,0.0
31,0.0,0.0,312000.00000000297,590,2,0.0
32,0.0,0.0,312000.00000000297,375,2,0.0
33,0.0,0.0,312000.00000000297,713,1,0.0
34,0.0,0.0,312000.00000000297,554,1,0.0
35,0.0,0.0,312000.00000000297,560,1,0.0
36,0.0,0.0,312000.00000000297,628,1,0.0
37,0.0,0.0,312000.00000000297,541,1,0.0
38,0.0,0.0,312000.00000000297,718,1,0.0
39,0.0,0.0,312000.00000000297,451,2,0.0
40,0.0,0.0,312000.00000000297,695,1,0.0
41,0.0,0.0,312000.00000000297,668,1,0.0
42,0.0,0.0,312000.00000000297,709,1,0.0
43,0.0,0.0,312000.00000000297,700,1,0.0
44,0.0,0.0,312000.00000000297,647,1,0.0
45,0.0,0.0,312000.00000000297,595,1,0.0
46,0.0,0.0,312000.00000000297,562,1,0.0
47,0.0,0.0,312000.00000000297,651,2,0.0
48,0.0,0.0,312000.00000000297,558,2,0.0
49,0.0,0.0,312000.00000000297,591,2,0.0
50,0.0,0.0,312000.00000000297,551,2,0.0
51,0.0,0.0,312000.00000000297,641,2,0.0
52,0.0,0.0,312000.00000000297,632,1,0.0
53,0.0,0.0,312000.00000000297,716,1,0.0
54,0.0,0.0,312000.00000000297,668,1,0.0
55,0.0,0.0,312000.00000000297,538,1,0.0
56,0.0,0.0,312000.00000000297,575,2,0.0
57,0.0,0.0,312000.00000000297,692,1,0.0
58,0.0,0.0,312000.00000000297,574,1,0.0
59,0.0,0.0,312000.00000000297,353,1,0.0
60,0.0,0.0,312000.00000000297,375,2,0.0
61,0.0,0.0,312000.00000000297,599,1,0.0
62,0.0,0.0,312000.00000000297,686,1,0.0
63,0.0,0.0,312000.00000000297,670,1,0.0
64,0.0,0.0,312000.00000000297,695,1,0.0
65,0.0,0.0,312000.00000000297,714,1,0.0
66,0.0,0.0,312000.00000000297,383,2,0.0
67,0.0,0.0,312000.00000000297,443,1,0.0
68,0.0,0.0,312000.00000000297,609,2,0.0
69,0.0,0.0,312000.00000000297,636,1,0.0
70,0.0,0.0,312000.00000000297,596,1,0.0
71,0.0,0.0,312000.00000000297,621,1,0.0
72,0.0,0.0,312000.00000000297,406,3,0.0
73,0.0,0.0,312000.00000000297,692,1,0.0
74,0.0,0.0,312000.00000000297,573,1,0.0
75,0.0,0.0,312000.00000000297,688,1,0.0
76,0.0,0.0,312000.00000000297,658,1,0.0
77,0.0,0.0,312000.00000000297,588,2,0.0
78,0.0,0.0,312000.00000000297,538,1,0.0
79,0.0,0.0,312000.00000000297,608,1,0.0
80,0.0,0.0,312000.00000000297,568,1,0.0
81,0.0,0.0,312000.00000000297,702,1,0.0
82,0.0,0.0,312000.00000000297,427,1,0.0
83,0.0,0.0,312000.00000000297,683,1,0.0
84,0.0,0.0,312000.00000000297,432,2,0.0
85,0.0,0.0,312000.00000000297,524,1,0.0
86,0.0,0.0,312000.00000000297,352,1,0.0
87,0.0,0.0,312000.00000000297,370,2,0.0
88,0.0,0.0,312000.00000000297,659,1,0.0
89,0.0,0.0,312000.00000000297,500,1,0.0
90,0.0,0.0,312000.00000000297,443,2,0.0
91,0.0,0.0,312000.00000000297,202,1,0.0
92,0.0,0.0,312000.00000000297,634,1,0.0
93,0.0,0.0,312000.00000000297,678,1,0.0
94,0.0,0.0,312000.00000000297,629,1,0.0
95,0.0,0.0,312000.00000000297,549,1,0.0
96,0.0,0.0,312000.00000000297,511,1,0.0
97,0.0,0.0,312000.00000000297,524,1,0.0
98,0.0,0.0,312000.00000000297,677,1,0.0
99,0.0,0.0,312000.00000000297,382,1,0.0
100,0.0,0.0,312000.00000000297,656,1,0.0
101,0.0,0.0,312000.00000000297,601,1,0.0
102,0.0,0.0,312000.00000000297,565,1,0.0
103,0.0,0.0,312000.00000000297,320,3,0.0
104,0.0,0.0,312000.00000000297,706,1,0.0
105,0.0,0.0,312000.00000000297,651,1,0.0
106,0.0,0.0,312000.00000000297,577,2,0.0
107,0.0,0.0,312000.00000000297,710,1,0.0
108,0.0,0.0,312000.00000000297,494,2,0.0
109,0.0,0.0,312000.00000000297,639,1,0.0
110,0.0,0.0,312000.00000000297,368,2,0.0
111,0.0,0.0,312000.00000000297,224,1,0.0
112,0.0,0.0,312000.00000000297,610,2,0.0
113,0.0,0.0,312000.00000000297,680,1,0.0
114,0.0,0.0,312000.00000000297,618,1,0.0
115,0.0,0.0,312000.00000000297,662,1,0.0
116,0.0,0.0,312000.00000000297,690,1,0.0
117,0.0,0.0,312000.00000000297,660,1,0.0
118,0.0,0.0,312000.00000000297,612,1,0.0
119,0.0,0.0,312000.00000000297,543,1,0.0
120,0.0,0.0,312000.00000000297,484,1,0.0
121,0.0,0.0,312000.00000000297,566,2,0.0
122,0.0,0.0,312000.00000000297,615,1,0.0
123,0.0,0.0,312000.00000000297,624,1,0.0
124,0.0,0.0,312000.00000000297,660,1,0.0
125,0.0,0.0,312000.00000000297,640,1,0.0
126,0.0,0.0,312000.00000000297,499,2,0.0
127,0.0,0.0,312000.00000000297,709,1,0.0
128,0.0,0.0,312000.00000000297,696,1,0.0
129,0.0,0.0,312000.00000000297,639,1,0.0
130,0.0,0.0,312000.00000000297,691,1,0.0
131,0.0,0.0,312000.00000000297,496,2,0.0
132,0.0,0.0,312000.00000000297,713,1,0.0
133,0.0,0.0,312000.00000000297,597,1,0.0
134,0.0,0.0,312000.00000000297,584,2,0.0
135,0.0,0.0,312000.00000000297,694,1,0.0
136,0.0,0.0,312000.00000000297,372,1,0.0
137,0.0,0.0,312000.00000000297,551,1,0.0
138,0.0,0.0,312000.00000000297,668,2,0.0
139,0.0,0.0,312000.00000000297,588,2,0.0
140,0.0,0.0,312000.00000000297,331,1,0.0
141,0.0,0.0,312000.00000000297,498,1,0.0
142,0.0,0.0,312000.00000000297,700,1,0.0
143,0.0,0.0,312000.00000000297,627,1,0.0
144,0.0,0.0,312000.00000000297,651,1,0.0
145,0.0,0.0,312000.00000000297,628,1,0.0
146,0.0,0.0,312000.00000000297,529,2,0.0
147,0.0,0.0,312000.00000000297,630,1,0.0
148,0.0,0.0,312000.00000000297,698,1,0.0
149,0.0,0.0,312000.00000000297,657,1,0.0
150,0.0,0.0,312000.00000000297,642,1,0.0
151,0.0,0.0,312000.00000000297,696,1,0.0
152,0.0,0.0,312000.00000000297,386,1,0.0
153,0.0,0.0,312000.00000000297,488,1,0.0
154,0.0,0.0,312000.00000000297,491,2,0.0
155,0.0,0.0,312000.00000000297,708,1,0.0
156,0.0,0.0,312000.00000000297,670,1,0.0
157,0.0,0.0,312000.00000000297,488,2,0.0
158,0.0,0.0,312000.00000000297,574,2,0.0
159,0.0,0.0,312000.00000000297,0,0,0.0
160,0.0,0.0,312000.00000000297,690,1,0.0
161,0.0,0.0,312000.00000000297,705,1,0.0
162,0.0,0.0,312000.00000000297,533,2,0.0
163,0.0,0.0,312000.00000000297,600,1,0.0
164,0.0,0.0,312000.00000000297,621,1,0.0
165,0.0,0.0,312000.00000000297,583,1,0.0
166,0.0,0.0,312000.00000000297,584,2,0.0
167,0.0,0.0,312000.00000000297,624,2,0.0
168,0.0,0.0,312000.00000000297,633,1,0.0
169,0.0,0.0,312000.00000000297,619,2,0.0
170,0.0,0.0,312000.00000000297,629,1,0.0
171,0.0,0.0,312000.00000000297,611,1,0.0
172,0.0,0.0,312000.00000000297,607,2,0.0
173,0.0,0.0,312000.00000000297,543,1,0.0
174,0.0,0.0,312000.00000000297,185,2,0.0
175,0.0,0.0,312000.00000000297,516,1,0.0
176,0.0,0.0,312000.00000000297,287,1,0.0
177,0.0,0.0,312000.00000000297,401,2,0.0
178,0.0,0.0,312000.00000000297,501,1,0.0
179,0.0,0.0,312000.00000000297,318,3,0.0
180,0.0,0.0,312000.00000000297,663,1,0.0
181,0.0,0.0,312000.00000000297,570,2,0.0
182,0.0,0.0,312000.00000000297,660,1,0.0
183,0.0,0.0,312000.00000000297,512,1,0.0
184,0.0,0.0,312000.00000000297,631,1,0.0
185,0.0,0.0,312000.00000000297,633,1,0.0
186,0.0,0.0,312000.00000000297,652,1,0.0
187,0.0,0.0,312000.00000000297,235,2,0.0
188,0.0,0.0,312000.00000000297,436,2,0.0
189,0.0,0.0,312000.00000000297,563,1,0.0
190,0.0,0.0,312000.00000000297,540,1,0.0
191,0.0,0.0,312000.00000000297,580,1,0.0
192,0.0,0.0,312000.00000000297,558,1,0.0
193,0.0,0.0,312000.00000000297,520,1,0.0
194,0.0,0.0,312000.00000000297,583,2,0.0
195,0.0,0.0,312000.00000000297,629,1,0.0
196,0.0,0.0,312000.00000000297,444,2,0.0
197,0.0,0.0,312000.00000000297,702,1,0.0
198,0.0,0.0,312000.00000000297,662,1,0.0
199,0.0,0.0,312000.00000000297,696,1,0.0
200,0.0,0.0,312000.00000000297,609,1,0.0
201,0.0,0.0,312000.00000000297,696,1,0.0
202,0.0,0.0,312000.00000000297,423,3,0.0
203,0.0,0.0,312000.00000000297,704,1,0.0
204,0.0,0.0,312000.00000000297,607,1,0.0
205,0.0,0.0,312000.00000000297,647,1,0.0
206,0.0,0.0,312000.00000000297,557,2,0.0
207,0.0,0.0,312000.00000000297,600,1,0.0
208,0.0,0.0,312000.00000000297,707,1,0.0
209,0.0,0.0,312000.00000000297,594,2,0.0
210,0.0,0.0,312000.00000000297,705,1,0.0
211,0.0,0.0,312000.00000000297,536,1,0.0
212,0.0,0.0,312000.00000000297,470,1,0.0
213,0.0,0.0,312000.00000000297,637,1,0.0
214,0.0,0.0,312000.00000000297,507,1,0.0
215,0.0,0.0,312000.00000000297,677,1,0.0
216,0.0,0.0,312000.00000000297,468,2,0.0
217,0.0,0.0,312000.00000000297,404,1,0.0
218,0.0,0.0,312000.00000000297,648,2,0.0
219,0.0,0.0,312000.00000000297,647,1,0.0
220,0.0,0.0,312000.00000000297,559,1,0.0
221,0.0,0.0,312000.00000000297,443,2,0.0
222,0.0,0.0,312000.00000000297,497,2,0.0
223,0.0,0.0,312000.00000000297,530,1,0.0
224,0.0,0.0,312000.00000000297,650,1,0.0
225,0.0,0.0,312000.00000000297,702,1,0.0
226,0.0,0.0,312000.00000000297,459,2,0.0
227,0.0,0.0,312000.00000000297,657,1,0.0
228,0.0,0.0,312000.00000000297,524,2,0.0
229,0.0,0.0,312000.00000000297,477,1,0.0
230,0.0,0.0,312000.00000000297,416,1,0.0
231,0.0,0.0,312000.00000000297,711,1,0.0
232,0.0,0.0,312000.00000000297,651,2,0.0
233,0.0,0.0,312000.00000000297,558,1,0.0
234,0.0,0.0,312000.00000000297,422,2,0.0
235,0.0,0.0,312000.00000000297,521,1,0.0
236,0.0,0.0,312000.00000000297,523,2,0.0
237,0.0,0.0,312000.00000000297,540,2,0.0
238,0.0,0.0,312000.00000000297,698,1,0.0
239,0.0,0.0,312000.00000000297,466,2,0.0
240,0.0,0.0,312000.00000000297,371,1,0.0
241,0.0,0.0,312000.00000000297,652,1,0.0
242,0.0,0.0,312000.00000000297,699,1,0.0
243,0.0,0.0,312000.00000000297,668,1,0.0
244,0.0,0.0,312000.00000000297,585,2,0.0
245,0.0,0.0,312000.00000000297,681,1,0.0
246,0.0,0.0,312000.00000000297,496,2,0.0
247,0.0,0.0,312000.00000000297,655,1,0.0
248,0.0,0.0,312000.00000000297,610,1,0.0
249,0.0,0.0,312000.00000000297,691,1,0.0
250,0.0,0.0,312000.00000000297,563,1,0.0
251,0.0,0.0,312000.00000000297,631,1,0.0
252,0.0,0.0,312000.00000000297,625,1,0.0
253,0.0,0.0,312000.00000000297,683,1,0.0
254,0.0,0.0,312000.00000000297,560,2,0.0
255,0.0,0.0,312000.00000000297,660,1,0.0
256,0.0,0.0,312000.00000000297,673,1,0.0
257,0.0,0.0,312000.00000000297,646,1,0.0
258,0.0,0.0,312000.00000000297,651,1,0.0
259,0.0,0.0,312000.00000000297,363,2,0.0
260,0.0,0.0,312000.00000000297,589,1,0.0
261,0.0,0.0,312000.00000000297,472,2,0.0
262,0.0,0.0,312000.00000000297,664,1,0.0
263,0.0,0.0,312000.00000000297,135,1,0.0
264,0.0,0.0,312000.00000000297,590,1,0.0
265,0.0,0.0,312000.00000000297,562,2,0.0
266,0.0,0.0,312000.00000000297,681,1,0.0
267,0.0,0.0,312000.00000000297,626,1,0.0
268,0.0,0.0,312000.00000000297,641,1,0.0
269,0.0,0.0,312000.00000000297,723,1,0.0
270,0.0,0.0,312000.00000000297,608,1,0.0
271,0.0,0.0,312000.00000000297,715,1,0.0
272,0.0,0.0,312000.00000000297,548,2,0.0
273,0.0,0.0,312000.00000000297,323,2,0.0
274,0.0,0.0,312000.00000000297,637,1,0.0
275,0.0,0.0,312000.00000000297,682,1,0.0
276,0.0,0.0,312000.00000000297,554,2,0.0
277,0.0,0.0,312000.00000000297,525,2,0.0
278,0.0,0.0,312000.00000000297,611,2,0.0
279,0.0,0.0,312000.00000000297,701,1,0.0
280,0.0,0.0,312000.00000000297,692,1,0.0
281,0.0,0.0,312000.00000000297,452,3,0.0
282,0.0,0.0,312000.00000000297,558,1,0.0
283,0.0,0.0,312000.00000000297,658,1,0.0
284,0.0,0.0,312000.00000000297,571,2,0.0
285,0.0,0.0,312000.00000000297,664,1,0.0
286,0.0,0.0,312000.00000000297,594,1,0.0
287,0.0,0.0,312000.00000000297,615,1,0.0
288,0.0,0.0,312000.00000000297,565,1,0.0
289,0.0,0.0,312000.00000000297,620,2,0.0
290,0.0,0.0,312000.00000000297,382,2,0.0
291,0.0,0.0,312000.00000000297,683,1,0.0
292,0.0,0.0,312000.00000000297,673,1,0.0
293,0.0,0.0,312000.00000000297,467,2,0.0
294,0.0,0.0,312000.00000000297,543,1,0.0
295,0.0,0.0,312000.00000000297,706,1,0.0
296,0.0,0.0,312000.00000000297,703,1,0.0
297,0.0,0.0,312000.00000000297,394,1,0.0
298,0.0,0.0,312000.00000000297,615,1,0.0
299,0.0,0.0,312000.00000000297,414,2,0.0
300,0.0,0.0,312000.00000000297,540,1,0.0
301,0.0,0.0,312000.00000000297,676,1,0.0
302,0.0,0.0,312000.00000000297,702,1,0.0
303,0.0,0.0,312000.00000000297,722,1,0.0
304,0.0,0.0,312000.00000000297,675,1,0.0
305,0.0,0.0,312000.00000000297,675,1,0.0
306,0.0,0.0,312000.00000000297,590,1,0.0
307,0.0,0.0,312000.00000000297,686,1,0.0
308,0.0,0.0,312000.00000000297,721,1,0.0
309,0.0,0.0,312000.00000000297,581,1,0.0
310,0.0,0.0,312000.00000000297,670,1,0.0
311,0.0,0.0,312000.00000000297,715,1,0.0
312,0.0,0.0,312000.00000000297,679,1,0.0
313,0.0,0.0,312000.00000000297,594,2,0.0
314,0.0,0.0,312000.00000000297,694,1,0.0
315,0.0,0.0,312000.00000000297,662,1,0.0
316,0.0,0.0,312000.00000000297,702,1,0.0
317,0.0,0.0,312000.00000000297,707,1,0.0
318,0.0,0.0,312000.00000000297,289,1,0.0
319,0.0,0.0,312000.00000000297,535,1,0.0
320,0.0,0.0,312000.00000000297,570,2,0.0
321,0.0,0.0,312000.00000000297,646,1,0.0
322,0.0,0.0,312000.00000000297,611,2,0.0
323,0.0,0.0,312000.00000000297,702,1,0.0
324,0.0,0.0,312000.00000000297,381,1,0.0
325,0.0,0.0,312000.00000000297,347,2,0.0
326,0.0,0.0,312000.00000000297,550,1,0.0
327,0.0,0.0,312000.00000000297,448,2,0.0
328,0.0,0.0,312000.00000000297,447,2,0.0
329,0.0,0.0,312000.00000000297,538,2,0.0
330,0.0,0.0,312000.00000000297,618,1,0.0
331,0.0,0.0,312000.00000000297,689,1,0.0
332,0.0,0.0,312000.00000000297,565,2,0.0
333,0.0,0.0,312000.00000000297,581,2,0.0
334,0.0,0.0,312000.00000000297,616,1,0.0
335,0.0,0.0,312000.00000000297,687,1,0.0
336,0.0,0.0,312000.00000000297,645,1,0.0
337,0.0,0.0,312000.00000000297,640,1,0.0
338,0.0,0.0,312000.00000000297,638,1,0.0
339,0.0,0.0,312000.00000000297,551,2,0.0
340,0.0,0.0,312000.00000000297,574,1,0.0
341,0.0,0.0,312000.00000000297,707,1,0.0
342,0.0,0.0,312000.00000000297,711,1,0.0
343,0.0,0.0,312000.00000000297,535,1,0.0
344,0.0,0.0,312000.00000000297,704,1,0.0
345,0.0,0.0,312000.00000000297,540,1,0.0
346,0.0,0.0,312000.00000000297,625,1,0.0
347,0.0,0.0,312000.00000000297,655,1,0.0
348,0.0,0.0,312000.00000000297,584,1,0.0
349,0.0,0.0,312000.00000000297,652,1,0.0
350,0.0,0.0,312000.00000000297,626,1,0.0
351,0.0,0.0,312000.00000000297,699,1,0.0
352,0.0,0.0,312000.00000000297,541,2,0.0
353,0.0,0.0,312000.00000000297,674,1,0.0
354,0.0,0.0,312000.00000000297,647,1,0.0
355,0.0,0.0,312000.00000000297,624,2,0.0
356,0.0,0.0,312000.00000000297,682,1,0.0
357,0.0,0.0,312000.00000000297,689,1,0.0
358,0.0,0.0,312000.00000000297,532,1,0.0
359,0.0,0.0,312000.00000000297,685,1,0.0
360,0.0,0.0,312000.00000000297,650,1,0.0
361,0.0,0.0,312000.00000000297,619,2,0.0
362,0.0,0.0,312000.00000000297,662,1,0.0
363,0.0,0.0,312000.00000000297,493,2,0.0
364,0.0,0.0,312000.00000000297,704,1,0.0
365,0.0,0.0,312000.00000000297,377,1,0.0
366,0.0,0.0,312000.00000000297,656,1,0.0
367,0.0,0.0,312000.00000000297,727,1,0.0
368,0.0,0.0,312000.00000000297,665,1,0.0
369,0.0,0.0,312000.00000000297,552,1,0.0
370,0.0,0.0,312000.00000000297,460,2,0.0
371,0.0,0.0,312000.00000000297,683,1,0.0
372,0.0,0.0,312000.00000000297,673,1,0.0
373,0.0,0.0,312000.00000000297,703,1,0.0
374,0.0,0.0,312000.00000000297,575,1,0.0
375,0.0,0.0,312000.00000000297,691,1,0.0
376,0.0,0.0,312000.00000000297,452,2,0.0
377,0.0,0.0,312000.00000000297,544,2,0.0
378,0.0,0.0,312000.00000000297,536,1,0.0
379,0.0,0.0,312000.00000000297,370,2,0.0
380,0.0,0.0,312000.00000000297,661,1,0.0
381,0.0,0.0,312000.00000000297,694,1,0.0
382,0.0,0.0,312000.00000000297,388,3,0.0
383,0.0,0.0,312000.00000000297,608,1,0.0
384,0.0,0.0,312000.00000000297,647,1,0.0
385,0.0,0.0,312000.00000000297,665,1,0.0
386,0.0,0.0,312000.00000000297,621,1,0.0
387,0.0,0.0,312000.00000000297,435,2,0.0
388,0.0,0.0,312000.00000000297,624,1,0.0
389,0.0,0.0,312000.00000000297,394,2,0.0
390,0.0,0.0,312000.00000000297,606,3,0.0
391,0.0,0.0,312000.00000000297,723,1,0.0
392,0.0,0.0,312000.00000000297,436,1,0.0
393,0.0,0.0,312000.00000000297,689,1,0.0
394,0.0,0.0,312000.00000000297,575,1,0.0
395,0.0,0.0,312000.00000000297,647,1,0.0
396,0.0,0.0,312000.00000000297,324,3,0.0
397,0.0,0.0,312000.00000000297,575,2,0.0
398,0.0,0.0,312000.00000000297,625,1,0.0
399,0.0,0.0,312000.00000000297,538,2,0.0
400,0.0,0.0,312000.00000000297,682,1,0.0
401,0.0,0.0,312000.00000000297,643,1,0.0
402,0.0,0.0,312000.00000000297,698,1,0.0
403,0.0,0.0,312000.00000000297,525,1,0.0
404,0.0,0.0,312000.00000000297,673,1,0.0
405,0.0,0.0,312000.00000000297,676,1,0.0
406,0.0,0.0,312000.00000000297,705,1,0.0
407,0.0,0.0,312000.00000000297,667,1,0.0
408,0.0,0.0,312000.00000000297,678,1,0.0
409,0.0,0.0,312000.00000000297,695,1,0.0
410,0.0,0.0,312000.00000000297,496,2,0.0
411,0.0,0.0,312000.00000000297,513,2,0.0
412,0.0,0.0,312000.00000000297,346,2,0.0
413,0.0,0.0,312000.00000000297,687,1,0.0
414,0.0,0.0,312000.00000000297,686,1,0.0
415,0.0,0.0,312000.00000000297,424,2,0.0
416,0.0,0.0,312000.00000000297,712,1,0.0
417,0.0,0.0,312000.00000000297,705,1,0.0
418,0.0,0.0,312000.00000000297,397,4,0.0
419,0.0,0.0,312000.00000000297,672,1,0.0
420,0.0,0.0,312000.00000000297,682,1,0.0
421,0.0,0.0,312000.00000000297,35,1,0.0
422,0.0,0.0,312000.00000000297,178,2,0.0
423,0.0,0.0,312000.00000000297,652,1,0.0
424,0.0,0.0,312000.00000000297,646,1,0.0
425,0.0,0.0,312000.00000000297,549,1,0.0
426,0.0,0.0,312000.00000000297,562,1,0.0
427,0.0,0.0,312000.00000000297,659,1,0.0
428,0.0,0.0,312000.00000000297,500,2,0.0
429,0.0,0.0,312000.00000000297,579,2,0.0
430,0.0,0.0,312000.00000000297,701,1,0.0
431,0.0,0.0,312000.00000000297,527,1,0.0
432,0.0,0.0,312000.00000000297,714,1,0.0
433,0.0,0.0,312000.00000000297,633,1,0.0
434,0.0,0.0,312000.00000000297,548,2,0.0
435,0.0,0.0,312000.00000000297,707,1,0.0
436,0.0,0.0,312000.00000000297,406,2,0.0
437,0.0,0.0,312000.00000000297,553,2,0.0
438,0.0,0.0,312000.00000000297,270,3,0.0
439,0.0,0.0,312000.00000000297,384,2,0.0
440,0.0,0.0,312000.00000000297,688,1,0.0
441,0.0,0.0,312000.00000000297,425,2,0.0
442,0.0,0.0,312000.00000000297,646,1,0.0
443,0.0,0.0,312000.00000000297,476,1,0.0
444,0.0,0.0,312000.00000000297,712,1,0.0
445,0.0,0.0,312000.00000000297,603,1,0.0
446,0.0,0.0,312000.00000000297,401,1,0.0
447,0.0,0.0,312000.00000000297,690,1,0.0
448,0.0,0.0,312000.00000000297,653,1,0.0
449,0.0,0.0,312000.00000000297,356,2,0.0
450,0.0,0.0,312000.00000000297,707,1,0.0
451,0.0,0.0,312000.00000000297,560,2,0.0
452,0.0,0.0,312000.00000000297,651,1,0.0
453,0.0,0.0,312000.00000000297,676,1,0.0
454,0.0,0.0,312000.00000000297,666,1,0.0
455,0.0,0.0,312000.00000000297,705,1,0.0
456,0.0,0.0,312000.00000000297,680,1,0.0
457,0.0,0.0,312000.00000000297,483,1,0.0
458,0.0,0.0,312000.00000000297,443,2,0.0
459,0.0,0.0,312000.00000000297,531,2,0.0
460,0.0,0.0,312000.00000000297,664,1,0.0
461,0.0,0.0,312000.00000000297,476,2,0.0
462,0.0,0.0,312000.00000000297,632,1,0.0
463,0.0,0.0,312000.00000000297,550,2,0.0
464,0.0,0.0,312000.00000000297,582,1,0.0
465,0.0,0.0,312000.00000000297,657,1,0.0
466,0.0,0.0,312000.00000000297,647,1,0.0
467,0.0,0.0,312000.00000000297,91,1,0.0
468,0.0,0.0,312000.00000000297,509,2,0.0
469,0.0,0.0,312000.00000000297,663,1,0.0
470,0.0,0.0,312000.00000000297,687,1,0.0
471,0.0,0.0,312000.00000000297,690,1,0.0
472,0.0,0.0,312000.00000000297,713,1,0.0
473,0.0,0.0,312000.00000000297,701,1,0.0
474,0.0,0.0,312000.00000000297,659,2,0.0
475,0.0,0.0,312000.00000000297,453,1,0.0
476,0.0,0.0,312000.00000000297,680,1,0.0
477,0.0,0.0,312000.00000000297,646,1,0.0
478,0.0,0.0,312000.00000000297,721,1,0.0
479,0.0,0.0,312000.00000000297,544,1,0.0
480,0.0,0.0,312000.00000000297,538,1,0.0
481,0.0,0.0,312000.00000000297,683,1,0.0
482,0.0,0.0,312000.00000000297,587,1,0.0
483,0.0,0.0,312000.00000000297,183,2,0.0
484,0.0,0.0,312000.00000000297,499,2,0.0
485,0.0,0.0,312000.00000000297,523,2,0.0
486,0.0,0.0,312000.00000000297,671,1,0.0
487,0.0,0.0,312000.00000000297,673,1,0.0
488,0.0,0.0,312000.00000000297,710,1,0.0
489,0.0,0.0,312000.00000000297,673,1,0.0
490,0.0,0.0,312000.00000000297,439,1,0.0
491,0.0,0.0,312000.00000000297,617,2,0.0
492,0.0,0.0,312000.00000000297,675,1,0.0
493,0.0,0.0,312000.00000000297,661,1,0.0
494,0.0,0.0,312000.00000000297,420,2,0.0
495,0.0,0.0,312000.00000000297,529,2,0.0
496,0.0,0.0,312000.00000000297,701,1,0.0
497,0.0,0.0,312000.00000000297,705,1,0.0
498,0.0,0.0,312000.00000000297,464,2,0.0
499,0.0,0.0,312000.00000000297,642,1,0.0
